"id","source","hyperlink","building_type","building","vacancy_rate","household_size","all_uses","du_density","emp_density","Pct_SF_Large_Lot","Pct_SF_Small_Lot","Pct_Attached_SF","Pct_MF_2_to_4","Pct_MF_5_Plus","Pct_Emp_Office_Svc","Pct_Educ_Svc","Pct_Medical_Svc","Pct_Public_Admin","Pct_Retail_Svc","Pct_Restaurant","Pct_Accommodation","Pct_Arts_Entertainment","Pct_Other_Svc","Pct_Manufacturing","Pct_Transport_warehouse","Pct_Wholesale","Pct_Construction_Util","Pct_Agriculture","Pct_Extraction","percent_of_building_type","floors","total_far","parking_spaces","parking_structure_square_feet","residential_efficiency","residential_lot_square_feet","square_feet_per_du","retail_efficiency","retail_square_feet_per_employee","office_efficiency","office_square_feet_per_employee","industrial_efficiency","industrial_square_feet_per_employee","misc_percent_of_retail_use","retail_percent_of_retail_use","restaurant_percent_of_retail_use","grocery_percent_of_retail_use","hardscape_percent","irrigated_percent","impervious_roof_percent","impervious_hardscape_percent","pervious_hardscape_percent","softscape_landscape_percent","id"
1,0,0,"Skyscraper Mixed Use","181 Fremont Street",0.0635,1.605,0,330.5447432,5100.405552,0,0,0,0,0.33,0.67,0,0,0,0,0,0,0,0,0,0,0,0,0,0,0.3,66,51.4,677,223410,0.85,43560,1900,0.85,475,0.85,250,0.85,1000,0.52,0.34,0.07,0.07,0.99,0.7,0.99,0,0,0,11
2,0,0,"Skyscraper Mixed Use","Encinal Tower (Oakland, CA)",0.0635,1.915,0,112.0933382,1044.968373,0,0,0,0,0.45,0.5,0,0,0,0.0205,0.0035,0,0.00182,0.02418,0,0,0,0,0,0,0.3,56,18.4,543,179190,0.85,175,2735,0.85,475,0.85,350,0.85,1000,0.52,0.34,0.07,0.07,0.99,0.7,0.99,0,0,0,12
3,0,"http://casestudies.uli.org/Profile.aspx?j=8218&p=5&c=4, http://www.som.com/content.cfm/john_hancock_center, http://www.johnhancockcenterchicago.com/Index3.htm","Skyscraper Mixed Use","Skyscraper Mixed (John Hancock Center, Chicago)",0.0635,1.815,0,305.3220923,1457.774208,0,0,0,0,0.6,0.34,0,0,0,0.0246,0.0042,0,0.002184,0.029016,0,0,0,0,0,0,0.4,100,26.8,295,97350,0.85,86,1950,0.85,550,0.85,250,0.85,1000,0.52,0.34,0.07,0.07,0.99,0.5,0.99,0,0,0,13
6,0,0,"High-Rise Mixed Use","High-Rise Residential (Visionaire, New York)",0.0635,2.065,0,376.7895093,168.432,0,0,0,0,0.92,0.07,0,0,0,0.0041,0.0007,0,0.000364,0.004836,0,0,0,0,0,0,0.05,35,15.2,135.5,44715,0.72,0,1164,1,475,1,300,0.85,1000,0.52,0.34,0.07,0.07,1,0.5,1,0,0,0,26
9,0,0,"High-Rise Mixed Use","High-Rise Mixed (201 Folsom, San Francisco)",0.0635,2.065,0,417.2771891,25.7108544,0,0,0,0,0.972,0,0,0,0,0.01148,0.00196,0,0.00728,0.00728,0,0,0,0,0,0,0.17,40,11.78,417.63,137817.9,0.85,0,1016,0.85,475,0.85,250,0.85,1000,0.52,0.34,0.07,0.07,0.6,0.2,0.6,0,0,0,29
10,0,0,"High-Rise Mixed Use","High-Rise Mixed (Atwater Place, Portland",0.0635,1.605,0,232.7290428,19.16933457,0,0,0,0,0.971,0,0,0,0,0.01189,0.00203,0,0.0010556,0.0140244,0,0,0,0,0,0,0.28,23,8.48,294.03,97029.9,0.85,0,1310,0.85,475,0.85,250,0.85,1000,0.52,0.34,0.07,0.07,0.95,0.5,0.95,0,0,0,210
11,"GGLO",0,"High-Rise Mixed Use","High-Rise Mixed (601 4th Ave, Seattle)",0.0635,1.935,0,162.219618,2256.056384,0,0,0,0,0.222,0.739,0,0,0,0.01599,0.00273,0,0.0014196,0.0188604,0,0,0,0,0,0,0.5,39,20.13,0,0,0.85,0,1020,0.85,550,0.85,250,0.85,1000,0.52,0.34,0.07,0.07,0.95,0.5,0.95,0,0,0,211
13,0,0,"Mid-Rise Mixed Use","Mid-Rise Mixed (937 Glisan, Portland)",0.0635,1.835,0,248.1524568,43.78577836,0,0,0,0,0.938,0,0,0,0,0.02542,0.00434,0,0.025792,0.006448,0,0,0,0,0,0,0.2,16,9.06,248.29,81935.7,0.85,0,1268,0.85,475,0.85,300,0.85,1000,0.52,0.34,0.07,0.07,0.99,0.5,0.99,0,0,0,313
14,0,0,"Mid-Rise Mixed Use","Mid-Rise Mixed (The Edge, Portland)",0.0635,1.835,0,135.646434,327.613902,0,0,0,0,0.57,0.31,0,0,0,0.0492,0.0084,0,0.05616,0.00624,0,0,0,0,0,0,0.4,11,7.07,223.25,73672.5,0.85,0,1100,0.85,550,0.85,300,0.85,1000,0.52,0.34,0.07,0.07,1,0.5,1,0,0,0,314
15,0,0,"Mid-Rise Mixed Use","Mid-Rise Mixed (The Gregory Lofts, Portland)",0.0635,1.835,0,158.4860904,124.3535749,0,0,0,0,0.841,0.098,0,0,0,0.02501,0.00427,0,0.030134,0.001586,0,0,0,0,0,0,0.4,12,7.38,223.24,73669.2,0.85,0,1450,0.85,475,0.85,300,0.85,1000,0.52,0.34,0.07,0.07,0.95,0.5,0.95,0,0,0,315
17,0,0,"Low-Rise Mixed Use","Mid-Rise Mixed (Museum Place, Portland OR)",0.0635,1.845,0,153.2358779,98.604,0,0,0,0,0.7,0,0,0,0,0.123,0.021,0,0.1482,0.0078,0,0,0,0,0,0,0.36,8,5,239.1,78903,0.79,0,786,0.83,550,0.85,300,0.85,1000,0.52,0.34,0.07,0.07,0.9,0.35,0.9,0,0,0,417
18,"PK",0,"Low-Rise Mixed Use","Mid-Rise Mixed (Gaia Bldg, Berkeley)",0.0635,1.605,0,292.842,57.76056,0,0,0,0,0.87,0,0,0,0,0.0533,0.0091,0,0.0338,0.0338,0,0,0,0,0,0,0.02,7,5.7,138.75,45787.5,0.85,0,627,0.85,475,0.85,300,0.85,1000,0.52,0.34,0.07,0.07,0.99,0.35,0.99,0,0,0,418
19,0,0,"Low-Rise Mixed Use","Mid-Rise Mixed (Fine Arts, Berkeley)",0.0635,2.245,0,167.7296313,22.75890783,0,0,0,0,0.903,0,0,0,0,0.03977,0.00679,0,0.042874,0.007566,0,0,0,0,0,0,0.02,8,3.01,107.53,35484.9,0.85,0,600,0.85,475,0.85,300,0.85,1000,0.52,0.34,0.07,0.07,0.98,0.35,0.98,0,0,0,419
20,0,0,"Low-Rise Mixed Use","Mid-Rise Mixed (East End Gateway, Sacramento)",0.0635,2.245,0,140.1594857,15.37163621,0,0,0,0,0.932,0,0,0,0,0.02788,0.00476,0,0.0024752,0.0328848,0,0,0,0,0,0,0.02,8,2.9,171.94,56740.2,0.85,0,714,0.85,475,0.85,300,0.85,1000,0.52,0.34,0.07,0.07,1,0.35,1,0,0,0,420
21,"GGLO",0,"Low-Rise Mixed Use","Mid-Rise Mixed (Site 17, Seattle)",0.0635,2.245,0,193.7131434,8.624329768,0,0,0,0,0.976,0,0,0,0,0.00984,0.00168,0,0.005616,0.006864,0,0,0,0,0,0,0.02,7,4.61,197.8097001,65277.2,0.85,0,860,0.85,475,0.85,300,0.85,1000,0.52,0.34,0.07,0.07,1,0.35,1,0,0,0,421
22,"GGLO",0,"Low-Rise Mixed Use","Mid-Rise Mixed (Alcyone, Seattle)",0.0635,2.245,0,193.3692295,3.549819032,0,0,0,0,0.989,0,0,0,0,0.00451,0.00077,0,0.002288,0.003432,0,0,0,0,0,0,0.02,7,4.14,196.39,64808.7,0.85,0,784,0.85,475,0.85,300,0.85,1000,0.52,0.34,0.07,0.07,0.99,0.35,0.99,0,0,0,422
23,"HM",0,"Low-Rise Mixed Use","Mid-Rise Mixed (1885 University/New Californian, Berkeley)",0.0635,2.245,0,149.8249055,21.5424,0,0,0,0,0.9,0,0,0,0,0.041,0.007,0,0.0208,0.0312,0,0,0,0,0,0,0.02,5,3.2,154,50820,0.85,0,712,0.85,550,0.85,300,0.85,1000,0.52,0.34,0.07,0.07,0.9,0.35,0.9,0,0,0,423
24,"PK",0,"Low-Rise Mixed Use","Mid-Rise Mixed (Touriel Bldg, Berkeley)",0.0635,2.245,0,199.1208912,16.62506375,0,0,0,0,0.938,0,0,0,0,0.02542,0.00434,0,0.012896,0.019344,0,0,0,0,0,0,0.02,5,3.44,45.55,15031.5,0.85,0,600,0.85,475,0.85,300,0.85,1000,0.52,0.34,0.07,0.07,1,0.35,1,0,0,0,424
26,0,0,"Low-Rise Mixed Use","Low-Rise Mixed (Stone Way Apts, Seattle)",0.0635,1.57,0,97.88648378,18.37347044,0,0,0,0,0.903,0,0,0,0,0.03977,0.00679,0,0.0035308,0.0469092,0,0,0,0,0,0,0.2,4,2.43,154.93,51126.9,0.85,0,830,0.85,475,0.85,300,0.85,1000,0.52,0.34,0.07,0.07,0.8,0.35,0.8,0,0,0,426
27,0,0,"Low-Rise Mixed Use","Low-Rise Mixed (200 Second Street, Oakland)",0.0635,1.845,0,161.0270357,31.27722632,0,0,0,0,0.893,0,0,0,0,0.04387,0.00749,0,0.0038948,0.0517452,0,0,0,0,0,0,0.05,6,3.75,178,58740,0.85,0,770,0.85,475,0.85,300,0.85,1000,0.52,0.34,0.07,0.07,0.98,0.35,0.98,0,0,0,427
28,0,0,"Low-Rise Mixed Use","Low-Rise Mixed (Cabrini First Hill Apts, Seattle)",0.0635,1.845,0,160.850603,39.94598728,0,0,0,0,0.854,0,0,0,0,0.05986,0.01022,0,0.0053144,0.0706056,0,0,0,0,0,0,0.05,6,3.51,109.68,36194.4,0.85,0,690,0.85,475,0.85,300,0.85,1000,0.52,0.34,0.07,0.07,0.95,0.35,0.95,0,0,0,428
29,0,0,"Low-Rise Mixed Use","Low-Rise Mixed (Kinsey Flats, Cincinnati, OH)",0.0635,1.585,0,30.10777957,22.99758912,0,0,0,0,0.76,0,0,0,0,0.0984,0.0168,0,0.008736,0.116064,0,0,0,0,0,0,0.15,4,1.1646,131.7657576,43482.7,0.859,0,1100,0.85,450,0.85,300,0.85,1000,0.52,0.34,0.07,0.07,0.95,0.35,0.95,0,0,0,429
30,0,0,"Low-Rise Mixed Use","Low-Rise Mixed (Shattuck Lofts, Berkeley)",0.0635,2.245,0,177.7248,31.17978947,0,0,0,0,0.9,0,0,0,0,0.041,0.007,0,0.0208,0.0312,0,0,0,0,0,0,0.05,4,4,240.669,79420.77,0.85,0,750,0.85,475,0.85,300,0.85,1000,0.52,0.34,0.07,0.07,1,0.35,1,0,0,0,430
31,0,0,"Parking Structure/Mixed Use","Parking Structure/Mixed Use (Fahrenheit Condos + Petco Parkade, San Diego CA)",0.0635,1.835,0,12.342,14.8104,0,0,0,0,0.5,0,0,0,0,0.205,0.035,0,0.0182,0.2418,0,0,0,0,0,0,0.4,4,0.8,396,130680,0.85,5000,1200,0.85,1000,0.85,525,0.85,1000,0.52,0.34,0.07,0.07,0.2,0.3,0,0,0,0,531
32,0,0,"Parking Structure/Mixed Use","Parking Structure/Mixed Use (2)",0.0635,1.835,0,19.7472,29.6208,0,0,0,0,0.5,0,0,0,0,0.205,0.035,0,0.0182,0.2418,0,0,0,0,0,0,0.35,5,1.6,528,174240,0.85,7117,1500,0.85,1000,0.85,350,0.85,1000,0.52,0.34,0.07,0.07,0.32,0.3,0,0,0,0,532
33,0,0,"Parking Structure/Mixed Use","Parking Structure/Mixed Use (3)",0.0635,1.835,0,24.684,44.4312,0,0,0,0,0.5,0,0,0,0,0.205,0.035,0,0.0182,0.2418,0,0,0,0,0,0,0.25,6,2.4,660,217800,0.85,6956,1800,0.85,1000,0.95,350,0.85,1000,0.52,0.34,0.07,0.07,0.4,0.3,0,0,0,0,533
37,0,0,"Main Street Commercial/MU High (3-5 Floors)","Main Street Commercial/MU (3400 Cesar Chavez St, SF, CA)",0.0635,1.835,0,84.8746998,50.4878792,0,0,0,0,0.81,0,0,0,0,0.0779,0.0133,0,0.01976,0.07904,0,0,0,0,0,0,0.1,4,2.83,130.85,43180.5,0.85,0,1000,0.97,450,0.95,300,0.85,1000,0.52,0.34,0.07,0.07,0.95,0.5,0.95,0,0,0,637
38,0,0,"Main Street Commercial/MU High (3-5 Floors)","Main Street Commercial/MU (Belmont Dairy, Portland OR)",0.0635,1.835,0,102.6482197,54.46452,0,0,0,0,0.78,0,0,0,0,0.0902,0.0154,0,0.09724,0.01716,0,0,0,0,0,0,0.2,5,2.2,56,16400,0.78,6280,710,0.93,450,0.95,300,0.85,1000,0.52,0.34,0.07,0.07,0.85,0.5,0.85,0,0,0,638
39,0,0,"Main Street Commercial/MU High (3-5 Floors)","Main Street Commercial/MU (Venice Renaissance, Venice CA)",0.0635,1.605,0,55.56689264,38.96723859,0,0,0,0,0.77,0,0,0,0,0.0943,0.0161,0,0.0598,0.0598,0,0,0,0,0,0,0.1,4,1.9,295,97350,0.96,0,1101,0.87,425,0.95,300,0.85,1000,0.52,0.34,0.07,0.07,0.7,0.5,0.7,0,0,0,639
40,0,0,"Main Street Commercial/MU High (3-5 Floors)","Main Street Commercial/MU (International Place, Harrisburg, PN)",0.0635,2.105,0,135.5358306,87.0232,0,0,0,0,0.69,0,0,0,0,0.1271,0.0217,0,0.0806,0.0806,0,0,0,0,0,0,0.4,3,2.9,174.6962706,57649.77,0.58,3333,373,1,450,0.95,300,0.85,1000,0.52,0.34,0.07,0.07,0.95,0.5,0.95,0,0,0,640
41,0,0,"Main Street Commercial/MU High (3-5 Floors)","Main Street Commercial/MU (Heilig-Levine, Raleigh NC)",0.0635,0,0,0,225.9356369,0,0,0,0,0,0.52,0,0,0,0.1968,0.0336,0,0.1248,0.1248,0,0,0,0,0,0,0.2,3,2.4,75.579736,24941.31,0.85,4012,1200,0.95,445,0.95,300,0.85,1000,0.52,0.34,0.07,0.07,1,0.5,1,0,0,0,641
44,0,0,"Main Street Commercial/MU Low (1-2 Floors)","Main Street Commercial/MU Low (480 Castro Street, San Francisco) (MU Walgreens)",0.0635,1.605,0,39.80597171,64.31945143,0,0,0,0,0.52,0,0,0,0,0.1968,0.0336,0,0.19968,0.04992,0,0,0,0,0,0,0.5,2,1.9,0,0,0.85,9152,919,0.85,525,0.85,350,0.85,1000,0.52,0.34,0.07,0.07,1,0.6,1,0,0,0,744
47,0,0,"Main Street Commercial/MU Low (1-2 Floors)","Main Street Commercial/MU Low (5488 College Avenue, Oakland) (MU Retail)",0.0635,2.105,0,43.20565498,53.15134206,0,0,0,0,0.52,0,0,0,0,0.1968,0.0336,0,0.1248,0.1248,0,0,0,0,0,0,0.5,2,1.6,35.82081149,0,0.85,8559,713,0.85,535,0.85,350,0.85,1000,0.52,0.34,0.07,0.07,0.99,0.6,0.99,0,0,0,747
52,0,0,"Skyscraper Residential","Skyscraper Residential (Rincon One, San Francisco)",0.0635,1.505,0,545.0088785,0,0,0,0,0,1,0,0,0,0,0,0,0,0,0,0,0,0,0,0,0,0.5,60,18.9,545.0088785,179852.93,0.85,0,1284,0.85,500,0.85,300,0.85,1000,0,0.8,0.2,0,0.4,0.15,0.4,0,0,0,852
53,0,0,"Skyscraper Residential","Skyscraper Residential (Langstaff W-12)",0.0635,1.635,0,672.4232308,26.16504,0,0,0,0,0.98,0,0,0,0,0.02,0,0,0,0,0,0,0,0,0,0,0.5,48,15.9,672.4232308,221899.67,0.85,0,858,0.85,450,0.85,300,0.85,1000,0,0.8,0.2,0,0.3313,0.15,0,0,0,0,853
56,0,0,"High-Rise Residential","High-Rise Residential (AC Mid-Rise Res, 27+5 floors)",0.0635,1.685,0,165.9989189,28.06181053,0,0,0,0,0.94,0,0,0,0,0.06,0,0,0,0,0,0,0,0,0,0,0.25,32,6,199.1987027,65735.57,0.8,0,1184,0.85,475,0.85,300,0.85,1000,0,0.8,0.2,0,0.1875,0.15,0,0,0,0,956
58,0,0,"High-Rise Residential","High-Rise Residential (Viridian, Nashville TN)",0.0635,1.735,0,552.4432941,22.99968,0,0,0,0,0.98,0,0,0,0,0.02,0,0,0,0,0,0,0,0,0,0,0.1,31,13.2,803.6,265188,0.9,0,918,1,500,0.85,300,0.85,1000,0,0.8,0.2,0,0.95,0.5,0.95,0,0,0,958
59,0,0,"High-Rise Residential","High-Rise Residential (199 New Montgomery, SF)",0.0635,1.685,0,571.634715,35.4692624,0,0,0,0,0.974,0,0,0,0,0.026,0,0,0,0,0,0,0,0,0,0,0.2,20,16.58,275.86,91033.8,0.85,0,1046,0.85,450,0.85,300,0.85,1000,0,0.8,0.2,0,1,0.5,1,0,0,0,959
60,0,0,"High-Rise Residential","High-Rise Residential (The Metropolitan, SF)",0.0635,1.505,0,403.3131418,1.990829558,0,0,0,0,0.998,0,0,0,0,0.002,0,0,0,0,0,0,0,0,0,0,0.25,27,12.77,405.75,133897.5,0.85,0,1170,0.85,475,0.85,300,0.85,1000,0,0.8,0.2,0,0.5,0.2,0.5,0,0,0,960
61,0,0,"High-Rise Residential","High-Rise Residential (Pine & Franklin, SF)",0.0635,1.635,0,348.5296198,14.62527,0,0,0,0,0.985,0,0,0,0,0.015,0,0,0,0,0,0,0,0,0,0,0.2,24,11.85,388.89,128333.7,0.85,0,1240,0.85,450,0.85,300,0.85,1000,0,0.8,0.2,0,0.97,0.5,0.97,0,0,0,961
62,0,1,"Urban Mid-Rise Residential","Mid-Rise Residential (Langstaff E-09)",0.0635,1.685,0,230.4563341,22.19209143,0,0,0,0,0.96,0.02,0,0,0,0.02,0,0,0,0,0,0,0,0,0,0,0.3,10,5.9,110,36300,0.85,0,910,0.85,450,0.85,350,0.85,1000,0,0.8,0.2,0,0.59,0.2,0,0,0,0,1062
63,0,0,"Urban Mid-Rise Residential","Mid-Rise Mixed (Eddy + Taylor Family Housing, SF)",0.0635,2.245,0,298.3361901,46.43949024,0,0,0,0,0.922,0,0,0,0,0.078,0,0,0,0,0,0,0,0,0,0,0.03,14,8.04,150,49500,0.85,0,920,0.85,500,0.85,300,0.85,1000,0,0.8,0.2,0,0.9,0.5,0.9,0,0,0,1063
64,0,0,"Urban Mid-Rise Residential","Mid-Rise Mixed (Cubix Yerba Buena, SF)",0.0635,2.245,0,643.7853108,44.9199432,0,0,0,0,0.91,0,0,0,0,0.09,0,0,0,0,0,0,0,0,0,0,0.01,8,6.74,31.7,31.7,0.8,0,332,0.85,500,0.85,300,0.85,1000,0,0.8,0.2,0,0.9,0.5,0.9,0,0,0,1064
65,0,0,"Urban Mid-Rise Residential","Mid-Rise Residential (AC Res Type 2/MU)",0.0635,2.245,0,123.4616959,17.34303346,0,0,0,0,0.94,0,0,0,0,0.06,0,0,0,0,0,0,0,0,0,0,0.01,17,4.2,65,21450,0.85,0,1184,0.85,538,0.85,350,0.85,1000,0,0.8,0.2,0,0.2471,0.15,0,0,0,0,1065
66,0,0,"Urban Mid-Rise Residential","Mid-Rise Residential (CapMetro Apt/Condo Hi)",0.0635,1.635,0,99.9702,24.684,0,0,0,0,0.9,0,0,0,0,0.1,0,0,0,0,0,0,0,0,0,0,0.65,8,3,50,16500,0.85,0,1000,0.85,450,0.85,350,0.85,1000,0,0.8,0.2,0,0.97,0.5,0.97,0,0,0,1066
67,0,1,"Urban Podium Multi-Family","Low-Rise Residential (AC Low Rise Res/MU)",0.0635,1.935,0,91.00140203,6.19394052,0,0,0,0,0.97,0,0,0,0,0.03,0,0,0,0,0,0,0,0,0,0,0.1,5,3,109.2016824,36036.56,0.85,0,1184,0.85,538,0.85,350,0.85,1000,0,0.8,0.2,0,0.6,0.2,0,0,0,0,1167
68,0,0,"Urban Podium Multi-Family","Low-Rise Residential (Alameda MF with Ret)",0.0635,2.245,0,47.60485714,14.8104,0,0,0,0,0.9,0,0,0,0,0.1,0,0,0,0,0,0,0,0,0,0,0.05,5,2,57.12582857,18851.52,0.85,0,1400,0.85,500,0.85,350,0.85,1000,0,0.8,0.2,0,0.4,0.15,0,0,0,0,1168
69,0,0,"Urban Podium Multi-Family","Low-Rise Residential (SACOG 45. Intense Urban Res)",0.0635,2.245,0,125.5254,20.216196,0,0,0,0,0.95,0,0,0,0,0.05,0,0,0,0,0,0,0,0,0,0,0.05,6,2.73,150.63048,49708.06,0.85,0,765,0.85,250,0.85,350,0.85,1000,0,0.8,0.2,0,0.455,0.15,0,0,0,0,1169
70,0,0,"Urban Podium Multi-Family","Low-Rise Residential (SCAG Apt/Condo Hi)",0.0635,2.245,0,111.078,0,0,0,0,0,1,0,0,0,0,0,0,0,0,0,0,0,0,0,0,0,0.05,4,3,133.2936,43986.89,0.85,0,1000,0.85,750,0.85,350,0.85,1000,0,0.8,0.2,0,0.75,0.5,0,0,0,0,1170
72,0,0,"Urban Podium Multi-Family","Low-Rise Residential (25-35 Dolores, SF)",0.0635,2.245,0,103.9116774,0,0,0,0,0,1,0,0,0,0,0,0,0,0,0,0,0,0,0,0,0,0.2,4,2.61,88.9,29337,0.85,0,930,0.85,450,0.85,350,0.85,1000,0,0.8,0.2,0,0.6525,0.5,0,0,0,0,1172
73,0,0,"Urban Podium Multi-Family","Low-Rise Residential (Ironhorse Family Apartments, Oakland)",0.0635,1.835,0,63.42077228,0,0,0,0,0,1,0,0,0,0,0,0,0,0,0,0,0,0,0,0,0,0.1,4,1.73,76.10492673,25114.63,0.85,0,1010,0.85,500,0.85,350,0.85,1000,0,0.8,0.2,0,0.4325,0.2,0,0,0,0,1173
74,0,0,"Urban Podium Multi-Family","Low-Rise Residential (MODA Lofts, Stapleton, Denver)",0.0635,2.245,0,79.96040426,0,0,0,0,0,1,0,0,0,0,0,0,0,0,0,0,0,0,0,0,0,0.25,4,2.03,127.42,42048.6,0.85,0,940,0.85,500,0.85,350,0.85,1000,0,0.8,0.2,0,0.97,0.5,0.97,0,0,0,1174
75,0,0,"Urban Podium Multi-Family","Low-Rise Residential (Darling Florist Bldg, Berkeley)",0.0635,1.635,0,199.9404,33.3234,0,0,0,0,0.9,0,0,0,0,0.1,0,0,0,0,0,0,0,0,0,0,0.2,5,4.5,239.92848,79176.4,0.85,0,750,0.85,500,0.85,350,0.85,1000,0,0.8,0.2,0,0.98,0.5,0.98,0,0,0,1175
80,0,0,"Standard Podium Multi-Family","Low-Rise Residential (Avalon Apts (Cahill Park), San Jose)",0.0635,1.835,0,59.2416,11.9,0,0,0,0,0.919679084,0,0,0,0,0.080320916,0,0,0,0,0,0,0,0,0,0,0.55,4,2,74.052,24437.16,0.85,0,1150,0.85,500,0.85,350,0.85,1000,0,0.8,0.2,0,0.6,0.2,0.6,0,0,0,1280
82,0,0,"Standard Podium Multi-Family","Low-Rise Residential (Ironhorse Family Apartments, Oakland) 1",0.0635,2.245,0,63.42077228,0,0,0,0,0,1,0,0,0,0,0,0,0,0,0,0,0,0,0,0,0,0.2,4,1.73,79.27596535,26161.07,0.85,0,1010,0.85,475,0.85,350,0.85,1000,0,0.8,0.2,0,0.4325,0.15,0,0,0,0,1282
83,0,0,"Standard Podium Multi-Family","Low-Rise Residential (MODA Lofts, Stapleton, Denver) 2",0.0635,2.245,0,79.96040426,0,0,0,0,0,1,0,0,0,0,0,0,0,0,0,0,0,0,0,0,0,0.25,4,2.03,127.42,42048.6,0.85,0,940,0.85,500,0.85,350,0.85,1000,0,0.8,0.2,0,0.97,0.5,0.97,0,0,0,1283
87,0,0,"Suburban Multifamily Apt/Condo","Multifamily Apt/Condo (Lenzen Square, San Jose)",0.0635,1.845,0,54.59766102,0,0,0,0,0,1,0,0,0,0,0,0,0,0,0,0,0,0,0,0,0,0.2,3,0.87,109.195322,36034.46,0.85,0,590,0.85,500,0.85,350,0.85,1000,0,0,0,0,0.6,0.5,0.6,0,0,0,1387
88,0,0,"Suburban Multifamily Apt/Condo","Multifamily Apt/Condo (Linden Court, Oakland)",0.0635,2.245,0,49.02033803,0,0,0,0,0,1,0,0,0,0,0,0,0,0,0,0,0,0,0,0,0,0.2,3,0.94,98.04067606,32353.42,0.85,0,710,0.85,500,0.85,350,0.85,1000,0,0,0,0,0.8,0.5,0.8,0,0,0,1388
89,0,0,"Suburban Multifamily Apt/Condo","Multi-Family Apt/Condo (Sonoma Villero, Bothell, WA)",0.0635,2.245,0,24.0623883,0,0,0,0,0,1,0,0,0,0,0,0,0,0,0,0,0,0,0,0,0,0.2,3,0.8,48.1247766,4764.35,0.85,0,1231,0.85,475,0.85,350,0.85,1001,0,0,0,0,0.65,0.5,0.65,0,0,0,1389
90,0,0,"Suburban Multifamily Apt/Condo","Multi-Family Apt/Condo (Town Lofts, Stapleton, Denver)",0.0635,2.245,0,37.88044615,0,0,0,0,0,1,0,0,0,0,0,0,0,0,0,0,0,0,0,0,0,0.2,3,1.33,77.44,7666.56,0.85,0,1300,0.85,475,0.85,350,0.85,1000,0,0,0,0,0.854,0.5,0,0,0,0,1390
91,0,0,"Suburban Multifamily Apt/Condo","Multifamily Apt/Condo (Mabuhay Court, San Jose)",0.0635,1.935,0,56.13619355,0,0,0,0,0,1,0,0,0,0,0,0,0,0,0,0,0,0,0,0,0,0.2,3,0.94,112.2723871,37049.89,0.85,0,620,0.85,475,0.85,350,0.85,1000,0,0,0,0,0.75,0.5,0.75,0,0,0,1391
93,0,0.75,"Urban Townhome/Live-Work","Townhome/Live-Work (Alameda Small Townhouse)",0.0411,2.235,0,30,0,0,0,1,0,0,0,0,0,0,0,0,0,0,0,0,0,0,0,0,0,0.1,2,0.82,45,14850,1,1452,1191,0.85,750,0.85,350,0.85,1000,0,0,0,0,0.41,0.15,0,0,0,0,1493
95,0,0,"Urban Townhome/Live-Work","Townhome/Live-Work (Denver Brownstone, Stapleton, Denver)",0.0411,2.185,0,19.16129032,0,0,0,1,0,0,0,0,0,0,0,0,0,0,0,0,0,0,0,0,0,0.1,4,1.5,38.32258065,12646.45,1,2897,3410,0.85,750,0.85,350,0.85,1000,0,0,0,0,0.375,0.15,0,0,0,0,1495
96,0,0,"Urban Townhome/Live-Work","Townhome/Live-Work (Pearl Townhome, Portland)",0.0411,2.245,0,25.80128068,0,0,0,1,0,0,0,0,0,0,0,0,0,0,0,0,0,0,0,0,0,0.3,2,1.11,32.25160085,10643.03,1,1742,1874,0.85,750,0.85,350,0.85,1000,0,0,0,0,0.555,0.15,0,0,0,0,1496
97,0,0,"Urban Townhome/Live-Work","Townhome/Live-Work (Penthouse Row Homes, Stapleton, Denver)",0.0411,2.235,0,27.49290804,0,0,0,1,0,0,0,0,0,0,0,0,0,0,0,0,0,0,0,0,0,0.25,3,1.24,68.73227011,22681.65,1,2219,1965,0.85,750,0.85,350,0.85,1000,0,0,0,0,0.85,0.5,0.85,0,0,0,1497
98,0,0,"Urban Townhome/Live-Work","Townhome/Live-Work (Backyard Row Home, Stapleton, Denver)",0.0411,2.245,0,24.02589928,0,0,0,1,0,0,0,0,0,0,0,0,0,0,0,0,0,0,0,0,0,0.2,3,0.92,48.05179856,15857.09,1,1917,1668,0.85,750,0.85,350,0.85,1000,0,0,0,0,0.3067,0.2,0,0,0,0,1498
99,0,0,"Urban Townhome/Live-Work","Townhome/Live-Work (Sky Terrace, Stapleton, Denver)",0.0411,2.635,0,14.99668019,0,0,0,1,0,0,0,0,0,0,0,0,0,0,0,0,0,0,0,0,0,0.05,3,0.7,37.49170048,12372.26,1,2519,2033,0.85,750,0.85,350,0.85,1000,0,0,0,0,0.2333,0.2,0,0,0,0,1499
101,0,0.75,"Standard Townhome","Townhome/Live-Work (Alameda Small Townhouse) 2",0.0411,1.935,0,30,0,0,0,1,0,0,0,0,0,0,0,0,0,0,0,0,0,0,0,0,0,0.1,2,0.82,60,19800,1,1452,1191,0.85,750,0.85,350,0.85,1000,0,0,0,0,0.41,0.5,0,0,0,0,15101
102,0,0,"Standard Townhome","Townhome/Live-Work (SEGA Townhouse)",0.0411,2.235,0,21.78,0,0,0,1,0,0,0,0,0,0,0,0,0,0,0,0,0,0,0,0,0,0.25,2,0.75,43.56,14374.8,1,2000,1500,0.85,750,0.85,350,0.85,1000,0,0,0,0,0.375,0.5,0,0,0,0,15102
106,0,0,"Standard Townhome","Townhome/Live-Work (Backyard Row Home, Stapleton, Denver) 2",0.0411,2.335,0,24.02589928,0,0,0,1,0,0,0,0,0,0,0,0,0,0,0,0,0,0,0,0,0,0.2,3,0.92,44,14520,1,1917,1668,0.85,750,0.85,350,0.85,1000,0,0,0,0,0.3067,0.5,0,0,0,0,15106
107,0,0,"Standard Townhome","Townhome/Live-Work (Sky Terrace, Stapleton, Denver) 2",0.0411,2.375,0,14.99668019,0,0,0,1,0,0,0,0,0,0,0,0,0,0,0,0,0,0,0,0,0,0.45,3,0.7,32.27,10649.1,1,2519,2033,0.85,750,0.85,350,0.85,1000,0,0,0,0,0.2333,0.5,0,0,0,0,15107
109,0,0,"Garden Apartment","Garden Apartment (Corte Bella, Irvine CA)",0.0411,2.235,0,21.55681511,0,0,0,1,0,0,0,0,0,0,0,0,0,0,0,0,0,0,0,0,0,0.35,3,0.75,56.56,18664.8,1,0,1516,0.85,600,0.92,300,0.85,1000,0,0,0,0,0.6,0.5,0.6,0,0,0,16109
110,0,0,"Garden Apartment","Garden Apartment (Victoria Townhomes, Seattle WA)",0.0411,2.375,0,24.12782275,0,0,0,1,0,0,0,0,0,0,0,0,0,0,0,0,0,0,0,0,0,0.3,3,1.3,78.7,25971,1,0,2347,0.85,600,0.92,300,0.85,1000,0,0,0,0,0.4333,0.5,0,0,0,0,16110
111,0,0,"Garden Apartment","Stapleton Garden Apts (F1 Affordable Townhomes)",0.0411,2.285,0,30.89376431,0,0,0,1,0,0,0,0,0,0,0,0,0,0,0,0,0,0,0,0,0,0.35,3,0.806,45,14850,1,1409,1136,0.85,750,0.85,350,0.85,1000,0,0,0,0,0.2687,0.5,0,0,0,0,16111
120,0,0,"Very Small Lot 3000","Very Small Lot 2500 (Garden Courts, Stapleton, Denver)",0.031,2.44,0,15.92356688,0,0,1,0,0,0,0,0,0,0,0,0,0,0,0,0,0,0,0,0,0,1,2,0.709176303,31.84713376,0,1,2736,1940,0.85,750,0.85,350,0.85,1000,0,0,0,0,0.5959,0.5,0,0,0,0,17120
123,0,0,"Small Lot 4000","Small Lot 4000 (John Laing SF, Stapleton, Denver)",0.031,2.85,0,10.41666667,0,0,1,0,0,0,0,0,0,0,0,0,0,0,0,0,0,0,0,0,0,0.3,2,0.679379017,20.83,0,1,4182,2841,0.85,750,0.85,350,0.85,1000,0,0,0,0,0.4975,0.5,0,0,0,0,18123
124,0,0,"Small Lot 4000","Small Lot 4000 (Town Square, Sapleton, Denver)",0.031,2.45,0,10.29866117,0,0,1,0,0,0,0,0,0,0,0,0,0,0,0,0,0,0,0,0,0,0.3,2,0.612340047,20.6,0,1,4230,2590,0.85,750,0.85,350,0.85,1000,0,0,0,0,0.4622,0.5,0,0,0,0,18124
125,0,0,"Small Lot 4000","Small Lot 4000 (Average, Albany)",0.031,2.54,0,10.89,0,0,1,0,0,0,0,0,0,0,0,0,0,0,0,0,0,0,0,0,0,0.3,2,0.375,20.6,0,1,4000,1500,0.85,750,0.85,350,0.85,1000,0,0,0,0,0.3436,0.5,0,0,0,0,18125
126,0,0,"Small Lot 4000","Small Lot 4000 (Alameda SF Detached, 1-2 floors)",0.031,2.255,0,10.89,0,0,1,0,0,0,0,0,0,0,0,0,0,0,0,0,0,0,0,0,0,0.1,2,0.825,20.6,0,1,4000,3300,0.85,750,0.85,350,0.85,1000,0,0,0,0,0.5686,0.5,0,0,0,0,18126
129,0,0,"Medium Lot 5500","Daybreak 5500",0.031,2.72,0,7.92,0,0,1,0,0,0,0,0,0,0,0,0,0,0,0,0,0,0,0,0,0,0.2,2,0.347,15.84,0,1,5500,1910,0.85,750,0.85,350,0.85,1000,0,0,0,0,0.2935,0.5,0,0,0,0,19129
131,0,"http://maps.google.com/maps?f=q&source=s_q&hl=en&geocode=&q=st.+francis+wood+san+francisco&sll=37.768463,-122.261667&sspn=0.02412,0.038581&ie=UTF8&hq=&hnear=St+Francis+Wood,+San+Francisco,+California&t=h&z=15","Medium Lot 5500","Medium Lot (Average, St. Francis Wood, San Francisco)",0.031,2.64,0,8.712,0,0,1,0,0,0,0,0,0,0,0,0,0,0,0,0,0,0,0,0,0,0.2,2,0.5,17.424,0,1,5000,2500,0.85,750,0.85,350,0.85,1000,0,0,0,0,0.597,0.5,0.321,0.276,0,0.403,19131
133,0,0,"Medium Lot 5500","Medium Lot 5500 (Kentlands, Stapleton, Denver)",0.031,2.72,0,7.92,0,0,1,0,0,0,0,0,0,0,0,0,0,0,0,0,0,0,0,0,0,0.6,2,0.436363636,15.84,0,1,5500,2400,0.85,750,0.85,350,0.85,1000,0,0,0,0,0.3382,0.5,0,0,0,0,19133
135,0,0,"Large Lot 7500","Large Lot 7500 sf (SACOG B. SF Large Lot, 1-2 floors)",0.031,3.41,0,5.808,0,1,0,0,0,0,0,0,0,0,0,0,0,0,0,0,0,0,0,0,0,0.2,2,0.373333333,17.424,0,1,7500,2800,0.85,750,0.85,350,0.85,1000,0,0,0,0,0.3187,0.5,0,0,0,0,20135
136,0,0,"Large Lot 7500","Large Lot 7500 (Average, View Park, Los Angeles)",0.031,3.06,0,5.808,0,1,0,0,0,0,0,0,0,0,0,0,0,0,0,0,0,0,0,0,0,0.2,2,0.5,17.424,0,1,7500,4000,0.85,750,0.85,350,0.85,1000,0,0,0,0,0.382,0.5,0,0,0,0,20136
137,0,"http://maps.google.com/maps?f=q&source=s_q&hl=en&geocode=&q=franklin+park+alameda&sll=37.766389,-122.254014&sspn=0.01206,0.01929&ie=UTF8&hq=Franklin+Park&hnear=Franklin+Park,+Alameda,+California+94501&t=h&z=15&iwloc=A","Large Lot 7500","Large Lot (Average, Gold Coast, Alameda, CA",0.031,3.41,0,5.808,0,1,0,0,0,0,0,0,0,0,0,0,0,0,0,0,0,0,0,0,0,0.2,2,0.5,17.424,0,1,7500,4000,0.85,750,0.85,350,0.85,1000,0,0,0,0,0.382,0.5,0,0,0,0,20137
138,0,0,"Large Lot 7500","Large Lot 7500 (Estate Home, Stapleton, Denver)",0.031,2.81,0,5.58347292,0,1,0,0,0,0,0,0,0,0,0,0,0,0,0,0,0,0,0,0,0,0.4,3,0.612695146,16.75041876,0,1,7802,4780,0.85,750,0.85,350,0.85,1000,0,0,0,0,0.88,0.5,0.88,0,0,0,20138
139,0,0.25,"Estate Lot","Estate Lot  (SACOG 2. Very Low Den Res, , 1-2 floors)",0.031,2.81,0,4.356,0,1,0,0,0,0,0,0,0,0,0,0,0,0,0,0,0,0,0,0,0,0.1,2,0.28,17.424,0,1,10000,2800,0.85,750,0.85,350,0.85,1000,0,0,0,0,0.272,0.5,0,0,0,0,21139
140,0,0,"Estate Lot","Estate Lot  (SCAG Large Lot, 1-2 floors)",0.031,3.41,0,2.178,0,1,0,0,0,0,0,0,0,0,0,0,0,0,0,0,0,0,0,0,0,0.1,2,0.15,8.712,0,1,20000,3000,0.85,750,0.85,350,0.85,1000,0,0,0,0,0.141,0.5,0,0,0,0,21140
141,0,"http://maps.google.com/maps?f=q&source=s_q&hl=en&geocode=&q=632+n+foothill+beverly+hills+ca&sll=34.08126,-118.402534&sspn=0.012707,0.01929&ie=UTF8&hq=&hnear=632+N+Foothill+Rd,+Beverly+Hills,+Los+Angeles,+California+90210&ll=34.081491,-118.402201&spn=0.006318,0.009645&t=h&z=17","Estate Lot","Estate Lot (Average, Beverly Hills)",0.031,2.81,0,2.904,0,1,0,0,0,0,0,0,0,0,0,0,0,0,0,0,0,0,0,0,0,0.2,2,0.3,11.616,0,1,15000,5000,0.85,750,0.85,350,0.85,1000,0,0,0,0,0.238,0.5,0,0,0,0,21141
142,0,"http://maps.google.com/maps?f=q&source=s_q&hl=en&geocode=&q=old+palo+alto+&sll=37.734653,-122.468027&sspn=0.024131,0.038581&ie=UTF8&hq=&hnear=Old+Palo+Alto,+Palo+Alto,+California&t=h&z=15","Estate Lot","Estate Lot (Average, Old Palo Alto)",0.031,3.41,0,2.178,0,1,0,0,0,0,0,0,0,0,0,0,0,0,0,0,0,0,0,0,0,0.2,2,0.2,8.712,0,1,20000,5000,0.85,750,0.85,350,0.85,1000,0,0,0,0,0.166,0.5,0,0,0,0,21142
143,0,0,"Estate Lot","Estate Lot (Daybreak Estate, South Jordan)",0.031,2.81,0,4.444444444,0,1,0,0,0,0,0,0,0,0,0,0,0,0,0,0,0,0,0,0,0,0.2,2,0.327925722,17.77777778,0,1,9801,3214,0.85,750,0.85,350,0.85,1000,0,0,0,0,0.2986,0.5,0,0,0,0,21143
144,0,0,"Estate Lot","Estate Lot (Windemere Estate, San Ramon)",0.031,3.41,0,4.18765622,0,1,0,0,0,0,0,0,0,0,0,0,0,0,0,0,0,0,0,0,0,0.2,2,0.476446837,16.75062488,0,1,10402,4956,0.85,750,0.85,350,0.85,1000,0,0,0,0,0.3651,0.5,0,0,0,0,21144
145,0,0.027777777,"Rural Residential","Rural Residential (SACOG 1. Rural Res, 1-2 floors)",0.031,3.41,0,0.5445,0,1,0,0,0,0,0,0,0,0,0,0,0,0,0,0,0,0,0,0,0,0.1,2,0.068870523,1.6335,0,1,80000,2500,0.85,750,0.85,350,0.85,1000,0,0,0,0,0.0468,0.5,0,0,0,0,22145
146,0,0,"Rural Residential","Rural Residential (SCAG Rural, 1-2 floors)",0.031,2.81,0,0.27225,0,1,0,0,0,0,0,0,0,0,0,0,0,0,0,0,0,0,0,0,0,0.4,2,0.068870523,0.81675,0,1,160000,3000,0.85,750,0.85,350,0.85,1000,0,0,0,0,0.0406,0.5,0,0,0,0,22146
147,0,0,"Rural Residential","Rural Residential (Prairie Crossing Rural SF, Grayslake)",0.031,3.41,0,1.512447484,0,1,0,0,0,0,0,0,0,0,0,0,0,0,0,0,0,0,0,0,0,0.1,2,0.138814624,4.537342453,0,1,28801,3998,0.85,750,0.85,350,0.85,1000,0,0,0,0,0.1038,0.5,0,0,0,0,22147
148,0,0,"Rural Residential","Rural Residential (SEGA Rural, 1-2 floors)",0.031,2.81,0,0.5445,0,1,0,0,0,0,0,0,0,0,0,0,0,0,0,0,0,0,0,0,0,0.4,2,0.068870523,1.6335,0,1,80000,3000,0.85,750,0.85,350,0.85,1000,0,0,0,0,0.0468,0.5,0,0,0,0,22148
149,0,0.027777777,"Rural Ranchette","Rural/Ranchette (AFT 1.5 acre lot)",0.031,3.41,0,0.666666667,0,1,0,0,0,0,0,0,0,0,0,0,0,0,0,0,0,0,0,0,0,0.05,2,0.038261402,3.333333333,0,1,65340,3500,0.85,750,0.85,350,0.85,1000,0,0,0,0,0.0444,0.5,0,0,0,0,23149
150,0,0,"Rural Ranchette","Ranchette 1 (near Fresno)",0.031,2.81,0,0.5445,0,1,0,0,0,0,0,0,0,0,0,0,0,0,0,0,0,0,0,0,0,0.05,2,0.3,2.7225,0,1,80000,3500,0.85,750,0.85,350,0.85,1000,0,0,0,0,0.1706,0.5,0,0,0,0,23150
151,0,0,"Rural Ranchette","Ranchette 2",0.031,3.41,0,0.4356,0,1,0,0,0,0,0,0,0,0,0,0,0,0,0,0,0,0,0,0,0,0.05,2,0.002,2.178,0,1,100000,3500,0.85,750,0.85,350,0.85,1000,0,0,0,0,0.0175,0.5,0,0,0,0,23151
152,0,0,"Rural Ranchette","Rural/Ranchette (AFT 5 acre lot)",0.031,2.81,0,0.2,0,1,0,0,0,0,0,0,0,0,0,0,0,0,0,0,0,0,0,0,0,0.05,2,0.011478421,1,0,1,217800,3500,0.85,750,0.85,350,0.85,1000,0,0,0,0,0.0133,0.5,0,0,0,0,23152
153,0,0,"Rural Ranchette","Ranchette 6 (Near Fresno)",0.031,2.81,0,0.207428571,0,1,0,0,0,0,0,0,0,0,0,0,0,0,0,0,0,0,0,0,0,0.1,2,0.02,1.037142857,0,1,210000,3500,0.85,750,0.85,350,0.85,1000,0,0,0,0,0.0179,0.5,0,0,0,0,23153
154,0,0,"Rural Ranchette","Rural/Ranchette (AFT 10 acre lot)",0.031,3.41,0,0.1,0,1,0,0,0,0,0,0,0,0,0,0,0,0,0,0,0,0,0,0,0,0.1,2,0.00573921,0.5,0,1,435600,3500,0.85,750,0.85,350,0.85,1000,0,0,0,0,0.0067,0.5,0,0,0,0,23154
155,0,0,"Rural Ranchette","Ranchette 4 (near Chowchilla)",0.031,2.81,0,0.121,0,1,0,0,0,0,0,0,0,0,0,0,0,0,0,0,0,0,0,0,0,0.1,2,0.01,0.605,0,1,360000,3500,0.85,750,0.85,350,0.85,1000,0,0,0,0,0.0096,0.5,0,0,0,0,23155
156,0,0,"Rural Ranchette","Rural/Ranchette (AFT 20 acre lot)",0.031,3.41,0,0.05,0,1,0,0,0,0,0,0,0,0,0,0,0,0,0,0,0,0,0,0,0,0.1,2,0.002869605,0.25,0,1,871200,3500,0.85,750,0.85,350,0.85,1000,0,0,0,0,0.0033,0.5,0,0,0,0,23156
157,0,0,"Rural Ranchette","Ranchette 5 (near Fresno)",0.031,2.81,0,0.047868132,0,1,0,0,0,0,0,0,0,0,0,0,0,0,0,0,0,0,0,0,0,0.2,2,0.005,0.239340659,0,1,910000,3500,0.85,750,0.85,350,0.85,1000,0,0,0,0,0.0043,0.5,0,0,0,0,23157
158,0,0,"Rural Ranchette","Ranchette 3 (near Boonville)",0.031,2.81,0,0.04356,0,1,0,0,0,0,0,0,0,0,0,0,0,0,0,0,0,0,0,0,0,0.2,2,0.003,0.2178,0,1,1000000,3500,0.85,750,0.85,350,0.85,1000,0,0,0,0,0.0032,0.5,0,0,0,0,23158
159,0,0,"Skyscraper Office","Transbay Tower",0.0635,0,0,0,2765.71152,0,0,0,0,0,0.9,0,0,0,0.041,0.007,0,0.00364,0.04836,0,0,0,0,0,0,0.2,80,19.5,181,59730,0.85,0,0,0.98,500,0.85,250,0.85,0,0.52,0.34,0.07,0.07,0.15,0.8,0.15,0,0,0,24159
160,0,0,"Skyscraper Office","Skyscraper Office (US Bank Tower, Los Angeles)",0.0635,0,0,0,3107.295972,0,0,0,0,0,0.97,0,0,0,0.0123,0.0021,0,0.001092,0.014508,0,0,0,0,0,0,0.2,73,21.3,1498.44222,494485.93,0.85,0,1000,0.85,500,0.85,250,0.85,0,0.52,0.34,0.07,0.07,0.8,0.5,0.8,0,0,0,24160
161,0,0,"Skyscraper Office","Skyscraper Office (Washington Mutual Tower, Seattle)",0.0635,0,0,0,2917.6488,0,0,0,0,0,0.97,0,0,0,0.0123,0.0021,0,0.001092,0.014508,0,0,0,0,0,0,0.2,55,20,1406.988,464306.04,0.85,0,1000,0.85,500,0.85,250,0.85,0,0.52,0.34,0.07,0.07,0.5,0.3,0.5,0,0,0,24161
163,0,0,"Skyscraper Office","Aon Center (Los Angeles, CA)",0.0635,0,0,0,4867.882272,0,0,0,0,0,0.98,0,0,0,0.0082,0.0014,0,0.000728,0.009672,0,0,0,0,0,0,0.2,62,33.2,952,314160,0.85,0,0,0.85,500,0.85,250,0,0,0.52,0.34,0.07,0.07,0.95,0.5,0.95,0,0,0,24163
164,0,0,"Skyscraper Office","Bank of America Center (Los Angeles, CA)",0.0635,0,0,0,1085.009904,0,0,0,0,0,0.98,0,0,0,0.0082,0.0014,0,0.000728,0.009672,0,0,0,0,0,0,0.2,55,7.4,534,176220,0.85,0,0,0.85,500,0.85,250,0.85,0,0.52,0.34,0.07,0.07,0.2,0.2,0.2,0,0,0,24164
169,0,"http://casestudies.uli.org/Profile.aspx?j=8218&p=5&c=4, http://www.som.com/content.cfm/john_hancock_center, http://www.johnhancockcenterchicago.com/Index3.htm","High-Rise Office","High-Rise Mixed (Tabor Center, Denver)",0.0635,0,0,0,1702.93464,0,0,0,0,0,0.9,0,0,0,0.041,0.007,0,0.00364,0.04836,0,0,0,0,0,0,0.3,31,11,477,157410,0.85,0,637,0.85,500,0.94,250,0.85,1000,0.52,0.34,0.07,0.07,0.6,0.5,0.6,0,0,0,25169
170,"Pelli Clarke Pelli",0,"High-Rise Office","High-Rise Office (560 Mission Street, San Francisco)",0.0635,0,0,0,2802.720096,0,0,0,0,0,0.992,0,0,0,0.00328,0.00056,0,0.001664,0.002496,0,0,0,0,0,0,0.2,31,19,351.747,116076.51,0.85,0,1000,0.85,500,0.85,250,0.85,1000,0.52,0.34,0.07,0.07,0.85,0.5,0.85,0,0,0,25170
171,"Heller Manus",0,"High-Rise Office","High Rise Office (555 Mission Street, San Francisco)",0.0635,0,0,0,2430.478464,0,0,0,0,0,0.994,0,0,0,0.00246,0.00042,0,0.001248,0.001872,0,0,0,0,0,0,0.2,33,16.46,190.6,62898,0.85,0,1000,0.85,500,0.85,250,0.85,1000,0.52,0.34,0.07,0.07,0.8,0.5,0.8,0,0,0,25171
172,"Heller Manus",0,"High-Rise Office","High-Rise Office (55 Second Street, San Francisco)",0.0635,0,0,0,2143.06488,0,0,0,0,0,1,0,0,0,0,0,0,0,0,0,0,0,0,0,0,0.1,26,14.47,191.56,63214.8,0.85,0,1000,0.85,500,0.85,250,0.85,1000,0.52,0.34,0.07,0.07,0.9,0.5,0.9,0,0,0,25172
173,0,0,"High-Rise Office","High-Rise Office (SACOG 46. CBD Ofice)",0.0635,0,0,0,486.632718,0,0,0,0,0,0.95,0,0,0,0.0205,0.0035,0,0.00182,0.02418,0,0,0,0,0,0,0.2,20,3.37,62.38881,20588.31,0.85,0,1000,0.85,500,0.85,250,0.85,1000,0.52,0.34,0.07,0.07,0.1685,0.2,0,0,0,0,25173
174,0,1,"Mid-Rise Office","Mid-Rise Office (Langstaff W-05)",0.0635,0,0,0,1135.464,0,0,0,0,0,1,0,0,0,0,0,0,0,0,0,0,0,0,0,0,0.2,9,4.6,85.1598,28102.73,0.85,0,1000,0.85,500,0.85,150,0.85,1000,0.52,0.34,0.07,0.07,0.5111,0.2,0,0,0,0,26174
176,0,0,"Mid-Rise Office","Mid-Rise Office (Langstaff W-04)",0.0635,0,0,0,1055.98152,0,0,0,0,0,0.9,0,0,0,0.041,0.007,0,0.00364,0.04836,0,0,0,0,0,0,0.2,9,4.6,85.1598,28102.73,0.85,0,1000,0.85,500,0.85,150,0.85,1000,0.52,0.34,0.07,0.07,0.5111,0.2,0,0,0,0,26176
178,0,0,"Mid-Rise Office","Mid-Rise Office (SCAG City Center Office, 6-15 floors)",0.0635,0,0,0,312.6052286,0,0,0,0,0,0.95,0,0,0,0.0205,0.0035,0,0.00182,0.02418,0,0,0,0,0,0,0.2,11,3,55.539,18327.87,0.85,0,1000,0.85,500,0.85,350,0.85,1000,0.52,0.34,0.07,0.07,0.2727,0.3,0,0,0,0,26178
179,"ZGF",0,"Mid-Rise Office","Mid-Rise Office (EPA Headquarters (Region 8), Denver)",0.0635,0,0,0,590.3002286,0,0,0,0,0,1,0,0,0,0,0,0,0,0,0,0,0,0,0,0,0.2,9,5.58,31.68,10454.4,0.85,0,1000,0.85,500,0.85,350,0.85,1000,0.52,0.34,0.07,0.07,0.62,0.5,0,0,0,0,26179
180,0,0,"Mid-Rise Office","Mid-Rise Office (SACOG 8. Hi Intensity Office)",0.0635,0,0,0,203.198688,0,0,0,0,0,0.95,0,0,0,0.0205,0.0035,0,0.00182,0.02418,0,0,0,0,0,0,0.2,10,1.68,31.10184,10263.61,0.85,0,1000,0.85,500,0.85,300,0.85,1000,0.52,0.34,0.07,0.07,0.168,0.2,0,0,0,0,26180
181,0,1,"Low-Rise Office","Low-Rise Office (AC Low Rise Office)",0.0635,0,0,0,275.2862454,0,0,0,0,0,1,0,0,0,0,0,0,0,0,0,0,0,0,0,0,0.05,4,2,74.052,24437.16,0.85,0,1000,0.85,538,0.85,269,0.85,1000,0.52,0.34,0.07,0.07,0.5,0.4,0,0,0,0,27181
182,"Pickard Chilton",0,"Low-Rise Office","Low-Rise Office (CalPERS Headquarters, Sacramento)",0.0635,0,0,0,474.9906857,0,0,0,0,0,1,0,0,0,0,0,0,0,0,0,0,0,0,0,0,0.05,6,4.49,177.94,58720.2,0.85,0,1000,0.85,500,0.85,350,0.85,1000,0.52,0.34,0.07,0.07,0.3,0.3,0.3,0,0,0,27182
183,"Weber Thompson",0,"Low-Rise Office","Low-Rise Office (The Terry Thomas, Seattle)",0.0635,0,0,0,462.9612872,0,0,0,0,0,0.925,0,0,0,0.03075,0.00525,0,0.00273,0.03627,0,0,0,0,0,0,0.2,6,3.06,250,82500,0.85,0,1000,0.85,500,0.85,235,0.85,1000,0.52,0.34,0.07,0.07,0.8,0.4,0.8,0,0,0,27183
184,"NBBJ",0,"Low-Rise Office","Low-Rise Office (223 Yale @ Alley24, Seattle)",0.0635,0,0,0,802.3869428,0,0,0,0,0,0.889,0,0,0,0.04551,0.00777,0,0.0040404,0.0536796,0,0,0,0,0,0,0.2,5,4.82,252.53,83334.9,0.85,0,1000,0.85,500,0.85,208,0.85,1000,0.52,0.34,0.07,0.07,0.98,0.5,0.98,0,0,0,27184
185,"HOK",0,"Low-Rise Office","Low-Rise Office (Symantec Headquarters, Culver City)",0.0635,0,0,0,124.40736,0,0,0,0,0,1,0,0,0,0,0,0,0,0,0,0,0,0,0,0,0.3,5,1.26,155,51150,0.85,0,1000,0.85,500,0.85,375,0.85,1000,0.52,0.34,0.07,0.07,0.252,0.3,0,0,0,0,27185
186,0,0,"Low-Rise Office","Low-Rise Office (SACOG 98. Mod Inten. Office)",0.0635,0,0,0,123.370632,0,0,0,0,0,0.95,0,0,0,0.0205,0.0035,0,0.00182,0.02418,0,0,0,0,0,0,0.05,4,1.02,37.76652,12462.95,0.85,0,1000,0.85,500,0.85,300,0.85,1000,0.52,0.34,0.07,0.07,0.255,0.4,0,0,0,0,27186
187,"GGLO",0,"Low-Rise Office","Low-Rise Office (R.D. Merrill Building, Seattle)",0.0635,0,0,0,291.9764571,0,0,0,0,0,1,0,0,0,0,0,0,0,0,0,0,0,0,0,0,0.05,3,2.76,78.57,25928.1,0.85,0,1000,0.85,500,0.85,350,0.85,1000,0.52,0.34,0.07,0.07,0.92,0.5,0,0,0,0,27187
188,0,0,"Low-Rise Office","Low-Rise Office (SEGA Low Rise Office, 4-6 floors)",0.0635,0,0,0,105.7885714,0,0,0,0,0,1,0,0,0,0,0,0,0,0,0,0,0,0,0,0,0.1,4,1,37.026,12218.58,0.85,0,1000,0.85,500,0.85,350,0.85,1000,0.52,0.34,0.07,0.07,0.25,0.3,0,0,0,0,27188
189,0,0,"Main Street Commercial (Retail + Office/Medical)","Main Street Commercial/MU Low (4185 Piedmont Avenue, Oakland) (Dentist Office)",0.0635,0,0,0,133.9988571,0,0,0,0,0,1,0,0,0,0,0,0,0,0,0,0,0,0,0,0,0.05,2,1.9,78,0,0.85,5000,750,0.85,500,0.85,525,0.85,1000,0.52,0.34,0.07,0.07,0.4,0.15,0.4,0,0,0,28189
190,0,0,"Main Street Commercial (Retail + Office/Medical)","Main Street Commercial/MU Low (1853 Solano Avenue, Berkeley) (Zachary's Pizza)",0.0635,0,0,0,56.42057143,0,0,0,0,0,0,0,0,0,0.41,0.07,0,0,0.52,0,0,0,0,0,0,0.05,1,0.8,29.6208,0,0.85,7117,750,0.85,525,0.85,350,0.85,1000,0.52,0.34,0.07,0.07,1,0.5,1,0,0,0,28190
191,0,0,"Main Street Commercial (Retail + Office/Medical)","Main Street Commercial/MU Low (3170 College Avenue, Berkeley) (MU Noah's Bagels)",0.0635,0,0,0,70.52571429,0,0,0,0,0,0.5,0,0,0,0.205,0.035,0,0.026,0.234,0,0,0,0,0,0,0.05,2,0.8,59,0,0.85,13895,750,0.85,525,0.85,350,0.85,1000,0.52,0.34,0.07,0.07,1,0.5,1,0,0,0,28191
192,0,0,"Main Street Commercial (Retail + Office/Medical)","Main Street Commercial (Mechanics Bank, Kensington CA)",0.0635,0,0,0,98.736,0,0,0,0,0,0.8,0,0,0,0.082,0.014,0,0.00104,0.10296,0,0,0,0,0,0,0.2,1,1,57.2,0,0.85,0,1000,0.85,525,0.85,350,0.85,1000,0.52,0.34,0.07,0.07,0.3,0.15,0.3,0,0,0,28192
193,0,0,"Main Street Commercial (Retail + Office/Medical)","Main Street Commercial/MU Low (960 Cole Street, San Francisco) (Alpha Market)",0.0635,0,0,0,63.47314286,0,0,0,0,0,0,0,0,0,0.41,0.07,0,0.026,0.494,0,0,0,0,0,0,0.25,1,0.9,3.33234,0,0.85,3600,750,0.85,525,0.85,350,0.85,1000,0.52,0.34,0.07,0.07,1,0.5,1,0,0,0,28193
194,0,0,"Main Street Commercial (Retail + Office/Medical)","Main Street Commercial/MU Low (1601 N Main Street, Walnut Creek) (MU Instrument Sales)",0.0635,0,0,0,87.27557143,0,0,0,0,0,0.25,0,0,0,0.3075,0.0525,0,0.195,0.195,0,0,0,0,0,0,0.25,2,1.1,4.07286,0,0.85,8196,750,0.85,525,0.85,350,0.85,1000,0.52,0.34,0.07,0.07,0.98,0.5,0.98,0,0,0,28194
195,0,0,"Main Street Commercial (Retail + Office/Medical)","Main Street Commercial/MU Low (1616 N Main Street, Walnut Creek) (MU Crepe Vine)",0.0635,0,0,0,110.0201143,0,0,0,0,0,0.4,0,0,0,0.246,0.042,0,0.0156,0.2964,0,0,0,0,0,0,0.15,2,1.3,4.81338,0,0.85,6956,750,0.85,525,0.85,350,0.85,1000,0.52,0.34,0.07,0.07,0.5,0.15,0.5,0,0,0,28195
196,0,0,"Parking Structure+Ground-Floor Retail","Parking Structure + Ground-Floor Retail (15th and Pearl Structure, Boulder, CO))",0.0635,0,0,0,69.59228571,0,0,0,0,0,0.5,0,0,0,0.205,0.035,0,0.0182,0.2418,0,0,0,0,0,0,0.3,6,5.5,726,239580,0.85,5000,750,0.1,500,0.2,525,0.85,1000,0.52,0.34,0.07,0.07,1,0.5,1,0,0,0,29196
197,0,0,"Parking Structure+Ground-Floor Retail","Parking Structure + Ground-Floor Retail (8th and Hope, Los Angeles CA)",0.0635,0,0,0,39.6396,0,0,0,0,0,0,0,0,0,0.41,0.07,0,0.0364,0.4836,0,0,0,0,0,0,0.3,7,6.5,632,208560,0.85,7117,750,0.07,500,0.2,350,0.85,1000,0.52,0.34,0.07,0.07,1,0.5,1,0,0,0,29197
198,0,0,"Parking Structure+Ground-Floor Retail","Parking Structure + Ground-Floor Retail (3)",0.0635,0,0,0,21.78,0,0,0,0,0,0,0,0,0,0.41,0.07,0,0.0364,0.4836,0,0,0,0,0,0,0.4,3,2.5,381.15,125779.5,0.85,6956,750,0.1,500,0.2,350,0.85,1000,0.52,0.34,0.07,0.07,1,0.5,1,0,0,0,29198
199,0,0,"Parking Structure","Parking Structure (1)",0.0635,0,0,0,3.0492,0,0,0,0,0,0,0,0,0,0.41,0.07,0,0.0364,0.4836,0,0,0,0,0,0,0.2,4,3.5,528,174240,0.85,5000,750,0.01,500,0.2,525,0.85,1000,0.52,0.34,0.07,0.07,0.875,0.5,0,0,0,0,30199
200,0,0,"Parking Structure","Parking Structure (Oak & Central, Alameda)",0.0635,0,0,0,0,0,0,0,0,0,0,0,0,0,0.41,0.07,0,0.0364,0.4836,0,0,0,0,0,0,0.2,3,2.5,435.6,0,0,19000,0,0.01,500,0.2,400,0.85,1000,0.52,0.34,0.07,0.07,1,0.5,1,0,0,0,30200
201,0,0,"Parking Structure","Parking Structure (2)",0.0635,0,0,0,3.9204,0,0,0,0,0,0,0,0,0,0.41,0.07,0,0.0364,0.4836,0,0,0,0,0,0,0.2,5,4.5,660,217800,0.85,7117,750,0.01,500,0.2,350,0.85,1000,0.52,0.34,0.07,0.07,0.9,0.5,0,0,0,0,30201
202,0,0,"Parking Structure","Parking Structure (Jack London Market, Oakland)",0.0635,0,0,0,0,0,0,0,0,0,0,0,0,0,0.41,0.07,0,0.208,0.312,0,0,0,0,0,0,0.2,5,4.5,784.08,0,0.85,0,0,0.01,500,0.2,400,0.85,1000,0.52,0.34,0.07,0.07,0.98,0.5,0.98,0,0,0,30202
203,0,0,"Parking Structure","Parking Structure (3)",0.0635,0,0,0,4.7916,0,0,0,0,0,0,0,0,0,0.41,0.07,0,0.0364,0.4836,0,0,0,0,0,0,0.2,6,5.5,792,261360,0.85,6956,750,0.01,500,0.95,350,0.85,1000,0.52,0.34,0.07,0.07,0.9167,0.5,0,0,0,0,30203
207,0,0,"Office Park High","Office Park High (SEGA Office Park 0.35, 2-4 floors)",0.0635,0,0,0,25.9182,0,0,0,0,0,1,0,0,0,0,0,0,0,0,0,0,0,0,0,0,0.1,3,0.35,45.35685,4490.33,0.85,0,1000,0.85,750,0.85,500,0.85,1000,0.52,0.34,0.07,0.07,0.3572,0.5,0,0,0,0,31207
208,0,0,"Office Park High","Office Park High (SACOG 98. Mod Inten. Office)",0.0635,0,0,0,123.370632,0,0,0,0,0,0.95,0,0,0,0.0205,0.0035,0,0.00182,0.02418,0,0,0,0,0,0,0.3,4,1.02,132.18282,13086.1,0.85,0,1000,0.85,500,0.85,300,0.85,1000,0.52,0.34,0.07,0.07,0.956,0.5,0,0,0,0,31208
209,0,0,"Office Park High","Office Park High (Bishop Ranch BR-3, San Ramon)",0.0635,0,0,0,85.1598,0,0,0,0,0,1,0,0,0,0,0,0,0,0,0,0,0,0,0,0,0.2,5,0.69,117.98,11680.02,0.85,0,1000,0.85,500,0.85,300,0.85,1000,0.52,0.34,0.07,0.07,0.7637,0.5,0,0,0,0,31209
210,0,0,"Office Park High","Office Park High (Bishop Ranch BR-6, San Ramon",0.0635,0,0,0,49.368,0,0,0,0,0,1,0,0,0,0,0,0,0,0,0,0,0,0,0,0,0.1,3,0.4,49.18,4868.82,0.85,0,1000,0.85,750,0.85,300,0.85,1000,0.52,0.34,0.07,0.07,0.3941,0.5,0,0,0,0,31210
211,0,0,"Office Park High","Office Park High (SEGA Low Rise Office, 4-6 floors)",0.0635,0,0,0,123.42,0,0,0,0,0,1,0,0,0,0,0,0,0,0,0,0,0,0,0,0,0.3,5,1,129.591,12829.51,0.85,0,1000,0.85,500,0.85,300,0.85,1000,0.52,0.34,0.07,0.07,0.8872,0.5,0,0,0,0,31211
212,0,0,"Office Park Low","Office Park Low (Redwood Business Park, Petaluma)",0.0635,0,0,0,21.96876,0,0,0,0,0,0.8,0,0,0,0,0,0,0,0,0.2,0,0,0,0,0,0.25,1,0.3,53.99361022,0,0.85,0,1000,0.85,750,0.85,450,0.85,1000,0.52,0.34,0.07,0.07,0.85,0.5,0.5,0.35,0.05,0.1,32212
213,0,0,"Office Park Low","Office Park Low (Nanometrics Bldg, Milpitas)",0.0635,0,0,0,39.4944,0,0,0,0,0,1,0,0,0,0,0,0,0,0,0,0,0,0,0,0,0.1,1,0.4,62,0,0.85,0,1000,0.85,750,0.85,375,0.85,1000,0.52,0.34,0.07,0.07,0.85,0.5,0.75,0.1,0.05,0.1,32213
214,0,0,"Office Park Low","Office Park Low (Sonoma Technology Bldg, Petaluma)",0.0635,0,0,0,16.456,0,0,0,0,0,1,0,0,0,0,0,0,0,0,0,0,0,0,0,0,0.5,1,0.2,44.8,0,0.85,0,1000,0.85,750,0.85,450,0.85,1000,0.52,0.34,0.07,0.07,0.85,0.5,0.45,0.4,0.05,0.1,32214
215,0,0,"Office Park Low","Office Park Low (Bestronics Bldg, San Jose)",0.0635,0,0,0,29.6208,0,0,0,0,0,1,0,0,0,0,0,0,0,0,0,0,0,0,0,0,0.15,1,0.3,43,0,0.85,0,1000,0.85,750,0.85,375,0.85,1000,0.52,0.34,0.07,0.07,0.85,0.5,0.75,0.1,0.05,0.1,32215
216,0,0.7,"Industrial High","Industrial High (SEGA Flex R&D, 1-2 floors)",0.0635,0,0,0,16.1087784,0,0,0,0,0,0,0,0,0,0.0082,0.0014,0,0.000728,0.009672,0.98,0,0,0,0,0,0.1,2,0.39,50.54049,0,0.85,0,1000,0.85,750,0.85,500,0.85,900,0.52,0.34,0.07,0.07,1,0.5,0.8,0.2,0,0,33216
217,0,0,"Industrial High","Industrial High (SACOG 13. Light Indus, 1-2 floors)",0.0635,0,0,0,23.27348571,0,0,0,0,0,0.25,0,0,0,0,0,0,0,0,0.75,0,0,0,0,0,0.15,2,0.33,42.76503,0,0.85,0,1000,0.85,750,0.85,300,0.85,700,0.52,0.34,0.07,0.07,1,0.5,0.8,0.2,0,0,33217
220,0,0,"Industrial High","Industrial High (SF Produce Markets, San Francisco)",0.0635,0,0,0,28.69515,0,0,0,0,0,0,0,0,0,0,0,0,0,0,1,0,0,0,0,0,0.4,2,0.62,3.67,0,0.85,0,1000,0.85,750,0.85,350,0.85,800,0.52,0.34,0.07,0.07,1,0.5,1,0,0,0,33220
222,0,0,"Industrial High","Industrial High (Lyons Magnus Plant #1, Fresno)",0.0635,0,0,0,21.752775,0,0,0,0,0,0,0,0,0,0,0,0,0,0,1,0,0,0,0,0,0.3,2,0.47,6.04,0,0.85,0,1000,0.85,750,0.85,350,0.85,800,0.52,0.34,0.07,0.07,1,0.5,0.8,0.2,0,0,33222
223,0,0,"Industrial High","Industrial High (SCAG Light Indus, 1-2 floors)",0.0635,0,0,0,18.69813,0,0,0,0,0,0,0,0,0,0.0123,0.0021,0,0.001092,0.014508,0.97,0,0,0,0,0,0.05,2,0.5,64.7955,0,0.85,0,1000,0.85,750,0.85,300,0.85,1000,0.52,0.34,0.07,0.07,1,0.5,0.8,0.2,0,0,33223
224,0,0.431875,"Industrial Low","Industrial Low (SEGA Heavy Ind, 1-2 floors)",0.0635,0,0,0,10.4907,0,0,0,0,0,0,0,0,0,0,0,0,0,0,1,0,0,0,0,0,0.2,2,0.34,25.17768,0,0.85,0,1000,0.85,750,0.85,400,0.85,1200,0.52,0.34,0.07,0.07,1,0.5,0.8,0.2,0,0,34224
225,0,0,"Industrial Low","Industrial Low (SACOG 14. Heavy Indus, 1-2 floors)",0.0635,0,0,0,9.4622,0,0,0,0,0,0,0,0,0,0,0,0,0,0,1,0,0,0,0,0,0.05,2,0.23,17.03196,0,0.85,0,1000,0.85,750,0.85,400,0.85,900,0.52,0.34,0.07,0.07,1,0.5,0.8,0.2,0,0,34225
226,0,0,"Industrial Low","Industrial Low (Pacific Business Center, Fremont CA)",0.0635,0,0,0,11.84832,0,0,0,0,0,0,0,0,0,0,0,0,0,0,1,0,0,0,0,0,0.1,1,0.4,33.8,0,0.85,0,1000,0.85,750,0.85,400,0.85,1250,0.52,0.34,0.07,0.07,1,0.5,0.8,0.2,0,0,34226
227,0,0,"Industrial Low","Industrial Low (Tank Farm Light Industrial, San Luis Obispo)",0.0635,0,0,0,5.804075676,0,0,0,0,0,0,0,0,0,0,0,0,0,0,1,0,0,0,0,0,0.35,1,0.29,5.08,0,0.85,0,1000,0.85,750,0.85,400,0.85,1850,0.52,0.34,0.07,0.07,1,0.5,0.8,0.2,0,0,34227
228,0,0,"Industrial Low","Industrial Low (SCAG Heavy Indus, 1-2 floors)",0.0635,0,0,0,15.61263,0,0,0,0,0,0,0,0,0,0.0082,0.0014,0,0.000728,0.009672,0.98,0,0,0,0,0,0.3,2,0.5,37.026,0,0.85,0,1000,0.85,750,0.85,400,0.85,1200,0.52,0.34,0.07,0.07,1,0.5,0.8,0.2,0,0,34228
229,0,0,"Warehouse High","120 11th Street, San Francisco, CA 94103",0.0635,0,0,0,59.05475136,0,0,0,0,0,0.1547,0,0,0,0,0,0,0,0,0,0.42265,0.42265,0,0,0,0.2,2,1.171927,6.508765365,0,0.85,0,1000,0.85,750,0.85,300,0.85,1000,0.52,0.34,0.07,0.07,0.85,0.15,1,0,0,0,35229
230,0,0,"Warehouse High","1360 Egbert, San Francisco, CA 94124",0.0635,0,0,0,37.026,0,0,0,0,0,0,0,0,0,0,0,0,0,0,0,0.5,0.5,0,0,0,0.2,2,1,5.5539,0,0.85,0,1000,0.85,750,0.85,300,0.85,1000,0.52,0.34,0.07,0.07,0.85,0.15,1,0,0,0,35230
231,0,0,"Warehouse High","Dynagraphics - 300 NW 14th Avenue, Portland, OR 97209",0.0635,0,0,0,179.39097,0,0,0,0,0,0.3,0,0,0,0,0,0,0,0,0,0.35,0.35,0,0,0,0.05,2,2.85,17.4,0,0.85,0,1000,0.85,750,0.85,300,0.85,1000,0.52,0.34,0.07,0.07,0.85,0.15,1,0,0,0,35231
232,0,0,"Warehouse High","2181 NW Nicolai, Portland, OR 97210",0.0635,0,0,0,167.431572,0,0,0,0,0,0.3,0,0,0,0,0,0,0,0,0,0.35,0.35,0,0,0,0.05,2,2.66,28,0,0.85,0,1000,0.85,750,0.85,300,0.85,1000,0.52,0.34,0.07,0.07,0.85,0.15,1,0,0,0,35232
233,0,0,"Warehouse High","NW Trunk & Bag Building - 522 N Thompson, Portland, OR 97227",0.0635,0,0,0,85.1598,0,0,0,0,0,0,0,0,0,0,0,0,0,0,0,0.5,0.5,0,0,0,0.05,2,2.3,10,0,0.85,0,1000,0.85,750,0.85,300,0.85,1000,0.52,0.34,0.07,0.07,0.85,0.15,1,0,0,0,35233
234,0,0,"Warehouse High","McClaskey Building - 2755 NW 31st Avenue, Portland, OR 97210",0.0635,0,0,0,30.73158,0,0,0,0,0,0,0,0,0,0,0,0,0,0,0,0.5,0.5,0,0,0,0.2,2,0.83,21,0,0.85,0,1000,0.85,750,0.85,300,0.85,1000,0.52,0.34,0.07,0.07,0.85,0.15,1,0,0,0,35234
235,0,0,"Warehouse High","525 SE Pine St, Portland, OR 97214",0.0635,0,0,0,167.66607,0,0,0,0,0,0.5,0,0,0,0,0,0,0,0,0,0.25,0.25,0,0,0,0.05,2,2.09,11.607651,0,0.85,0,1000,0.85,750,0.85,300,0.85,1000,0.52,0.34,0.07,0.07,0.85,0.15,1,0,0,0,35235
236,0,0,"Warehouse High","111 SE Madison Ave, Portland, OR 97214",0.0635,0,0,0,141.62445,0,0,0,0,0,0.3,0,0,0,0,0,0,0,0,0,0.35,0.35,0,0,0,0.05,2,2.25,30,0,0.85,0,1000,0.85,750,0.85,300,0.85,1000,0.52,0.34,0.07,0.07,0.85,0.15,1,0,0,0,35236
237,0,0,"Warehouse High","WorkSpace - 2150 Folsom, San Francisco, CA 94110",0.0635,0,0,0,72.94122,0,0,0,0,0,0,0,0,0,0,0,0,0,0,0,0.5,0.5,0,0,0,0.1,2,1.97,10.941183,0,0.85,0,1000,0.85,750,0.85,300,0.85,1000,0.52,0.34,0.07,0.07,0.85,0.15,1,0,0,0,35237
238,0,0,"Warehouse High","1154-1158 Howard Street, San Francisco, CA 94103",0.0635,0,0,0,103.6728,0,0,0,0,0,0,0,0,0,0,0,0,0,0,0,0.5,0.5,0,0,0,0.05,2,2.8,15.55092,0,0.85,0,1000,0.85,750,0.85,300,0.85,1000,0.52,0.34,0.07,0.07,0.85,0.15,1,0,0,0,35238
239,0,0,"Warehouse Low","9040 Carroll Way, San Diego, CA 92121 (Propertyline.com)",0.0635,0,0,0,17.40437985,0,0,0,0,0,0.15,0,0,0,0,0,0,0,0,0,0.425,0.425,0,0,0,0.5,1,0.4339,29,0,0.85,0,1000,0.85,750,0.85,400,0.85,1200,0.52,0.34,0.07,0.07,0.85,0.15,0.4339,0.4433,0,0.1228,36239
240,0,0,"Warehouse Low","2003 West Avenue 140th, San Leandro, CA 94577 (Loopnet.com)",0.0635,0,0,0,25.49949888,0,0,0,0,0,0.1,0,0,0,0,0,0,0,0,0,0.45,0.45,0,0,0,0.1,1,0.6886917,13.15,0,0.85,0,1000,0.85,750,0.85,400,0.85,1200,0.52,0.34,0.07,0.07,0.85,0.15,0.6768,0.2535,0.0697,0,36240
241,0,0,"Warehouse Low","2300 Cesar Chavez, San Francisco, CA 94124",0.0635,0,0,0,25.17768,0,0,0,0,0,0.1,0,0,0,0,0,0,0,0,0,0.45,0.45,0,0,0,0.1,1,0.68,8,0,0.85,0,1000,0.85,750,0.85,400,0.85,1200,0.52,0.34,0.07,0.07,0.85,0.15,0.6768,0.2535,0.0697,0,36241
242,0,0,"Warehouse Low","Warehouse 3  - Proposed Emeryville IKEA (in 1.2/1.6 FAR district)",0.0635,0,0,0,3.0294,0,0,0,0,0,0,0,0,0,0,0,0,0,0,0,0.5,0.5,0,0,0,0.3,1,0.45,4.99851,0,0.85,0,1000,0.85,750,0.85,400,0.85,5500,0.52,0.34,0.07,0.07,0.85,0.15,0.6768,0.2535,0.0697,0,36242
243,0,0,"Hotel High","Hotel High (Four Seasons, San Francisco)",0.065,0,0,0,1151.172,0,0,0,0,0,0,0,0,0,0,0,1,0,0,0,0,0,0,0,0,0.4,40,17.1,248.21,81909.3,0.85,0,1000,0.85,550,0.85,300,0.85,1000,0,0,0,0,0.85,0.5,0.5,0.35,0.05,0.1,37243
244,0,0,"Hotel High","Hotel High (Walt Disney World Dolphin, Orlando)",0.065,0,0,0,35.39108571,0,0,0,0,0,0.09,0,0,0,0,0,0.91,0,0,0,0,0,0,0,0,0.2,27,0.5,39.6,0,0.85,0,1000,0.85,550,0.85,350,0.85,1000,0,0,0,0,0.85,0.5,0.75,0.1,0.05,0.1,37244
245,0,0,"Hotel High","Hotel High (Sheraton Grand, Sacramento)",0.065,0,0,0,432.1944,0,0,0,0,0,0,0,0,0,0,0,1,0,0,0,0,0,0,0,0,0.4,27,6.42,87.12,28749.6,0.85,0,1000,0.85,550,0.85,300,0.85,1000,0,0,0,0,0.85,0.5,0.45,0.4,0.05,0.1,37245
246,0,0,"Hotel Low","Hotel Low (Holiday Inn Express, Truckee)",0.065,0,0,0,67.32,0,0,0,0,0,0,0,0,0,0,0,1,0,0,0,0,0,0,0,0,0.3,3,1,56.27,0,0.85,0,1000,0.85,550,0.85,400,0.85,1000,0,0,0,0,0.85,0.5,0.5,0.35,0.05,0.1,38246
247,0,0,"Hotel Low","Hotel Low (La Quinta Inn, Redding)",0.065,0,0,0,13.464,0,0,0,0,0,0,0,0,0,0,0,1,0,0,0,0,0,0,0,0,0.3,3,0.2,56.27,0,0.85,0,1000,0.85,550,0.85,400,0.85,1000,0,0,0,0,0.85,0.5,0.75,0.1,0.05,0.1,38247
248,0,0,"Hotel Low","Hotel Low (Holiday Inn, Woodland Hills)",0.065,0,0,0,44.4312,0,0,0,0,0,0,0,0,0,0,0,1,0,0,0,0,0,0,0,0,0.4,6,0.66,62.41,0,0.85,0,1000,0.85,550,0.85,400,0.85,1000,0,0,0,0,0.85,0.5,0.45,0.4,0.05,0.1,38248
249,0,0,"Regional Mall","Regional Mall (SEGA General Commerical, 1-2 floors)",0.0635,0,0,0,17.2788,0,0,0,0,0,0,0,0,0,0.41,0.07,0,0.0364,0.4836,0,0,0,0,0,0,0.1,2,0.35,64.7955,6414.75,0.85,0,1000,0.85,750,0.85,500,0.85,1000,0.52,0.34,0.07,0.07,0.85,0.5,0.5,0.35,0.05,0.1,39249
250,0,0,"Regional Mall","Regional Mall (SACOG 11. Regional Retail, 1-2 floors)",0.0635,0,0,0,18.044004,0,0,0,0,0,0.05,0,0,0,0.3895,0.0665,0,0.03458,0.45942,0,0,0,0,0,0,0.1,2,0.34,62.9442,0,0.85,0,1000,0.85,750,0.85,300,0.85,1000,0.52,0.34,0.07,0.07,0.85,0.5,0.75,0.1,0.05,0.1,39250
251,0,0,"Regional Mall","Regional Mall (Montclair Plaza, San Bernardino)",0.0635,0,0,0,26.65872,0,0,0,0,0,0,0,0,0,0.41,0.07,0,0.0364,0.4836,0,0,0,0,0,0,0.2,2,0.54,108.64,10755.36,0.85,0,1000,0.85,750,0.85,300,0.85,1000,0.52,0.34,0.07,0.07,0.85,0.5,0.45,0.4,0.05,0.1,39251
252,0,0,"Regional Mall","Regional Mall (Westfield Galleria, Roseville)",0.0635,0,0,0,24.684,0,0,0,0,0,0,0,0,0,0.41,0.07,0,0.0364,0.4836,0,0,0,0,0,0,0.25,2,0.5,93.79,9285.21,0.85,0,1000,0.85,750,0.85,300,0.85,1000,0.52,0.34,0.07,0.07,0.85,0.5,0.45,0.4,0.05,0.1,39252
253,0,0,"Regional Mall","Regional Mall (Westfield Mission Valley, San Diego)",0.0635,0,0,0,26.65872,0,0,0,0,0,0,0,0,0,0.41,0.07,0,0.0364,0.4836,0,0,0,0,0,0,0.25,1,0.54,65.56,6490.44,0.85,0,1000,0.85,750,0.85,300,0.85,1000,0.52,0.34,0.07,0.07,0.85,0.5,0.45,0.4,0.05,0.1,39253
254,0,0,"Regional Mall","Regional Mall (SCAG Regional Mall, 1-2 floors)",0.0635,0,0,0,17.2788,0,0,0,0,0,0,0,0,0,0.41,0.07,0,0.0364,0.4836,0,0,0,0,0,0,0.1,2,0.35,64.7955,0,0.85,0,1000,0.85,750,0.85,500,0.85,1000,0.52,0.34,0.07,0.07,0.85,0.5,0.45,0.4,0.05,0.1,39254
255,0,0.343,"Medium Intensity Strip Commercial (weighted avg)","Strip Commercial (SACOG 10. Comm/Nhood Retail, 1-2 floors)",0.0635,0,0,0,13.82304,0,0,0,0,0,0,0,0,0,0.41,0.07,0,0.0364,0.4836,0,0,0,0,0,0,0.1,2,0.28,51.8364,0,0.85,0,1000,0.85,750,0.85,300,0.85,1000,0.52,0.34,0.07,0.07,0.85,0.5,0.5,0.35,0.05,0.1,40255
256,0,0,"Medium Intensity Strip Commercial (weighted avg)","Med-Intensity Strip Commercial (Plaza Cienega, Los Angeles)",0.0635,0,0,0,13.76543412,0,0,0,0,0,0,0,0,0,0.41,0.07,0,0.052,0.468,0,0,0,0,0,0,0.2,1,0.4509,56.6,9339,0.85,0,1000,0.994,750,0.85,500,0.85,1000,0.52,0.34,0.07,0.07,0.85,0.5,0.75,0.1,0.05,0.1,40256
257,0,0,"Medium Intensity Strip Commercial (weighted avg)","Med-Intensity Strip Commercial (Greenway Plaza, Yonkers NY)",0.0635,0,0,0,22.2220614,0,0,0,0,0,0,0,0,0,0.41,0.07,0,0.104,0.416,0,0,0,0,0,0,0.2,2,0.43727,129.76,12846.24,0.85,0,1000,0.875,750,0.85,500,0.85,1000,0.52,0.34,0.07,0.07,0.85,0.5,0.45,0.4,0.05,0.1,40257
258,0,0,"Medium Intensity Strip Commercial (weighted avg)","Med-Intensity Strip Commercial (Tanner Market, Pasadena)",0.0635,0,0,0,56.91490426,0,0,0,0,0,0.045,0,0,0,0.39155,0.06685,0,0.04966,0.44694,0,0,0,0,0,0,0.2,1,0.868,20.16,1995.84,0.85,0,1000,0.933,750,0.85,500,0.85,1000,0.52,0.34,0.07,0.07,0.85,0.5,0.45,0.4,0.05,0.1,40258
259,0,0,"Medium Intensity Strip Commercial (weighted avg)","Strip Commercial (SCAG Strip Commerical, 1-2 floors)",0.0635,0,0,0,17.03196,0,0,0,0,0,0.3,0,0,0,0.287,0.049,0,0.02548,0.33852,0,0,0,0,0,0,0.1,2,0.3,55.539,0,0.85,0,1000,0.85,750,0.85,500,0.85,1000,0.52,0.34,0.07,0.07,0.85,0.5,0.45,0.4,0.05,0.1,40259
260,0,0,"Medium Intensity Strip Commercial (weighted avg)","Strip Commercial (Cap Metro Strip Commerical, 1-2 floors)",0.0635,0,0,0,12.9591,0,0,0,0,0,0.4,0,0,0,0.246,0.042,0,0.02184,0.29016,0,0,0,0,0,0,0.2,2,0.25,46.2825,0,0.85,0,1000,0.85,1000,0.85,500,0.85,1000,0.52,0.34,0.07,0.07,0.85,0.5,0.45,0.4,0.05,0.1,40260
261,0,0,"Low Intensity Strip Commercial (weighted avg)","Strip Commercial (Gilroy Crossing, Gilroy)",0.0635,0,0,0,15.30408,0,0,0,0,0,0,0,0,0,0.41,0.07,0,0.0364,0.4836,0,0,0,0,0,0,0.05,2,0.31,91.74,0,0.85,0,1000,0.85,750,0.85,500,0.85,1000,0.52,0.34,0.07,0.07,0.85,0.5,0.5,0.35,0.05,0.1,41261
262,0,0,"Low Intensity Strip Commercial (weighted avg)","Strip Commercial (Paso Robles Strip Retail, Paso Robles)",0.0635,0,0,0,12.342,0,0,0,0,0,0,0,0,0,0.41,0.07,0,0.0364,0.4836,0,0,0,0,0,0,0.1,1,0.25,95.17,0,0.85,0,1000,0.85,750,0.85,500,0.85,1000,0.52,0.34,0.07,0.07,0.85,0.5,0.75,0.1,0.05,0.1,41262
263,0,0,"Low Intensity Strip Commercial (weighted avg)","Strip Commercial (Renaissance Center West, Las Vegas)",0.0635,0,0,0,13.99540473,0,0,0,0,0,0.017,0,0,0,0.40303,0.06881,0,0.25558,0.25558,0,0,0,0,0,0,0.15,1,0.2405,57.19,0,0.85,0,1000,0.994,750,0.994,500,0.85,1000,0.52,0.34,0.07,0.07,0.85,0.5,0.45,0.4,0.05,0.1,41263
264,0,0,"Low Intensity Strip Commercial (weighted avg)","Strip Commercial (Mission Viejo Commerce Center)",0.0635,0,0,0,12.1968,0,0,0,0,0,0,0,0,0,0.41,0.07,0,0.0364,0.4836,0,0,0,0,0,0,0.1,1,0.21,41.75,0,0.85,0,1000,1,750,0.85,500,0.85,1000,0.52,0.34,0.07,0.07,0.85,0.5,0.45,0.4,0.05,0.1,41264
266,0,0,"Low Intensity Strip Commercial (weighted avg)","Strip Commercial (Guernville Rd McDonald's, Santa Rosa CA)",0.0635,0,0,0,5.808,0,0,0,0,0,0,0,0,0,0.41,0.07,0,0.0364,0.4836,0,0,0,0,0,0,0.4,1,0.1,26.7,0,0.85,0,1000,1,750,0.99,500,0.85,1000,0.52,0.34,0.07,0.07,0.85,0.5,0.45,0.4,0.05,0.1,41266
267,0,0,"Low Intensity Strip Commercial (weighted avg)","Strip Commercial (Stanford Ranch, Roseville)",0.0635,0,0,0,10.86096,0,0,0,0,0,0,0,0,0,0.41,0.07,0,0.0364,0.4836,0,0,0,0,0,0,0.2,1,0.22,103.13,0,0.85,0,1000,0.85,750,0.85,500,0.85,1000,0.52,0.34,0.07,0.07,0.85,0.5,0.45,0.4,0.05,0.1,41267
269,0,0,"Rural Employment","Occidential Elk Hills Oil Field",0.031,0,0,0,0.004,0,0,0,0,0,0,0,0,0,0,0,0,0,0,0,0,0,0,0,1,0.05,1,0.00009,0.0029403,0,0.85,20000,1000,0.85,750,0.85,500,0.75,2500,0.52,0.34,0.07,0.07,0.0001,0,0,0,0,0,42269
272,0,0,"Rural Employment","Large Farm (Near Watsonville)",0.031,3.06,0,0.00018513,0.00646866,0.01,0,0,0,0,0,0,0,0,0,0,0,0,0,0,0,0,0,0.99,0,0.05,1,0.0005,0.01635678,0,0.85,20000,1000,0.85,750,0.85,500,0.75,2500,0.52,0.34,0.07,0.07,0.0006,0.95,0,0,0,0,42272
273,0,0,"Rural Employment","Mid-sized farm 1300x1300 (near Manteca)",0.031,3.06,0,0.00074052,0.02587464,0.01,0,0,0,0,0,0,0,0,0,0,0,0,0,0,0,0,0,0.99,0,0.03,1,0.002,0.06542712,0,0.85,20000,1000,0.85,750,0.85,500,0.75,2500,0.52,0.34,0.07,0.07,0.0025,0.95,0,0,0,0,42273
274,0,0,"Rural Employment","Small farm 1300x650 (near Modesto)",0.031,3.06,0,0.00222156,0.03841992,0.02,0,0,0,0,0,0,0,0,0,0,0,0,0,"1.11022E-16",0,0,0,0.98,0,0.02,1,0.003,0.09827136,0,0.85,20000,1000,0.85,750,0.85,500,0.75,2500,0.52,0.34,0.07,0.07,0.0037,0.95,0,0,0,0,42274
275,0,0,"Rural Employment","Very Small Farm 650x650 (Near Modesto)",0.031,3.06,0,0.00055539,0.00633798,0.03,0,0,0,0,0,0,0,0,0,0,0,0,0,0,0,0,0,0.97,0,0.01,1,0.0005,0.01640034,0,0.85,20000,1000,0.85,750,0.85,500,0.75,2500,0.52,0.34,0.07,0.07,0.0006,0.95,0,0,0,0,42275
277,0,0,"Rural Employment","Very Large Orchard (Near Tracy)",0.031,0,0,0,0.006534,0,0,0,0,0,0,0,0,0,0,0,0,0,0,0,0,0,0,1,0,0.05,1,0.0005,0.016335,0,0.85,20000,1000,0.85,750,0.85,500,0.75,2500,0.52,0.34,0.07,0.07,0.0006,0.95,0,0,0,0,42277
278,0,0,"Rural Employment","Medium Orchard (Near Tracy)",0.031,0,0,0,0.006534,0,0,0,0,0,0,0,0,0,0,0,0,0,0,0,0,0,0,1,0,0.03,1,0.0005,0.016335,0,0.85,20000,1000,0.85,750,0.85,500,0.75,2500,0.52,0.34,0.07,0.07,0.0006,0.95,0,0,0,0,42278
279,0,0,"Rural Employment","Small Orchard (Near Ojai)",0.031,3.06,0,0.00018513,0.00646866,0.01,0,0,0,0,0,0,0,0,0,0,0,0,0,0,0,0,0,0.99,0,0.02,1,0.0005,0.01635678,0,0.85,20000,1000,0.85,750,0.85,500,0.75,2500,0.52,0.34,0.07,0.07,0.0006,0.95,0,0,0,0,42279
281,0,0,"Rural Employment","Large Organic Farm (Frog Hollow, Brentwood)",0.031,3.06,0,0.00018513,0.00646866,0.01,0,0,0,0,0,0,0,0,0,0,0,0,0,0,0,0,0,0.99,0,0.03,1,0.0005,0.01635678,0,0.85,20000,1000,0.85,750,0.85,500,0.75,2500,0.52,0.34,0.07,0.07,0.0006,0.95,0,0,0,0,42281
282,0,0,"Rural Employment","Medium Organic Farm (Live Power Farm, Covelo)",0.031,3.06,0,0.00037026,0.00640332,0.02,0,0,0,0,0,0,0,0,0,0,0,0,0,0,0,0,0,0.98,0,0.02,1,0.0005,0.01637856,0,0.85,20000,1000,0.85,750,0.85,500,0.75,2500,0.52,0.34,0.07,0.07,0.0006,0.95,0,0,0,0,42282
283,0,0,"Rural Employment","Small Organic Farm (Gospel Flat Farm, Bollinas)",0.031,3.06,0,0.00055539,0.00633798,0.03,0,0,0,0,0,0,0,0,0,0,0,0,0,0,0,0,0,0.97,0,0.01,1,0.0005,0.01640034,0,0.85,20000,1000,0.85,750,0.85,500,0.75,2500,0.52,0.34,0.07,0.07,0.0006,0.95,0,0,0,0,42283
285,0,0,"Rural Employment","Livestock Farm: Grassfed beef (Chilleno Valley Ranch, Petaluma)",0.031,0,0,0,0.00013068,0,0,0,0,0,0,0,0,0,0,0,0,0,0,0,0,0,0,1,0,0.27,1,0.00001,0.0003267,0,0.85,20000,1000,0.85,750,0.85,500,0.75,2500,0.52,0.34,0.07,0.07,0,0.95,0,0,0,0,42285
286,0,0,"Rural Employment","Livestock Farm: Harris Ranch Feedlot (I-5 CA-145 Interchange)",0.031,0,0,0,0.00013068,0,0,0,0,0,0,0,0,0,0,0,0,0,0,0,0,0,0,1,0,0.2,1,0.00001,0.0003267,0,0.85,20000,1000,0.85,750,0.85,500,0.75,2500,0.52,0.34,0.07,0.07,0,0.95,0,0,0,0,42286
288,0,0,"Rural Employment","Vineyard, Small (Martin Stelling Vineyard)",0.031,3.06,0,0.000111078,0.001267596,0.03,0,0,0,0,0,0,0,0,0,0,0,0,0,0,0,0,0,0.97,0,0.05,1,0.0001,0.003280068,0,0.85,20000,1000,0.85,750,0.85,500,0.75,2500,0.52,0.34,0.07,0.07,0.0001,0.95,0,0,0,0,42288
289,0,0,"Rural Employment","Vineyward, Medium (Quintessa Vineyard)",0.031,3.06,0,0.000074052,0.001280664,0.02,0,0,0,0,0,0,0,0,0,0,0,0,0,"1.11022E-16",0,0,0,0.98,0,0.05,1,0.0001,0.003275712,0,0.85,20000,1000,0.85,750,0.85,500,0.75,2500,0.52,0.34,0.07,0.07,0.0001,0.95,0,0,0,0,42289
290,0,"http://www.argentinevineyardsforsale.com/own.html?adore_category=1","Rural Employment","Vineyard, Large (Napa Valley Wine Company)",0.031,3.06,0,0.000037026,0.001293732,0.01,0,0,0,0,0,0,0,0,0,0,0,0,0,0,0,0,0,0.99,0,0.05,1,0.0001,0.003271356,0,0.85,20000,1000,0.85,750,0.85,500,0.75,2500,0.52,0.34,0.07,0.07,0.0001,0.95,0,0,0,0,42290
294,0,0,"Rural Employment","Liberty Quarry Proposal (Temecula, CA)",0.031,0,0,0,0.0013068,0,0,0,0,0,0,0,0,0,0,0,0,0,0,0,0,0,0,0,1,0.05,1,0.0001,0.003267,0,0.85,20000,1000,0.85,750,0.85,500,0.75,2500,0.52,0.34,0.07,0.07,0.0001,0,0,0,0,0,42294
296,0,"http://www.mauinews.com/page/content.detail/id/527970.html?nav=10","Rural Employment","Castle & Cook Resorts Wind Farm Proposal (Lanai, HI)",0.031,0,0,0,0.169884,0,0,0,0,0,0,0,0,0,0,0,0,0,0,0,0,0,0,0,1,0.01,1,0.013,0.42471,0,0.85,20000,1000,0.85,750,0.85,500,0.75,2500,0.52,0.34,0.07,0.07,0.0162,0,0,0,0,0,42296
298,0,0,"Campus/College High","Campus/College High (LA City College, Los Angeles)",0.0635,0,0,0,35.1747,0,0,0,0,0,0,1,0,0,0,0,0,0,0,0,0,0,0,0,0,1,3,0.57,63.8,21054,0.85,0,1000,0.85,750,0.85,600,0.85,1000,0,0,0,0,0.85,0.9,0.75,0.1,0.05,0.1,43298
300,0,0,"Campus/College Low","Campus/College Low",0.0635,0,0,0,17.08892308,0,0,0,0,0,0,1,0,0,0,0,0,0,0,0,0,0,0,0,0,1,2,0.3,22.2156,0,0.85,0,1000,0.85,750,0.85,650,0.85,1000,0,0,0,0,0.85,0.9,0.5,0.35,0.05,0.1,44300
304,0,0,"Hospital/Civic/Other Institutional","Hospital (Children's Hospital, Los Angeles)",0.0232,0,0,0,175.355136,0,0,0,0,0,0,0,1,0,0,0,0,0,0,0,0,0,0,0,0,1,9,2.96,176.85,58360.5,0.85,0,1000,0.85,750,0.85,625,0.85,1000,0,0,0,0,0.85,0.9,0.75,0.1,0.05,0.1,45304
307,"Moor Ruble Yudell",0,"Urban Elementary School","Urban Elementary School (Horace Mann ES, San Jose)",0,0,0,0,4.44312,0,0,0,0,0,0,1,0,0,0,0,0,0,0,0,0,0,0,0,0,1,2,0.3,1.11078,0,0.85,0,1000,0.85,1250,0.85,2500,0.85,1000,0,0,0,0,0.85,0.9,0.75,0.1,0.05,0.1,46307
310,0,0,"Non-Urban Elementary School","Non-Urban Elementary School",0,0,0,0,2.6928,0,0,0,0,0,0,1,0,0,0,0,0,0,0,0,0,0,0,0,0,1,1,0.2,3.7026,0,0.85,0,1000,0.85,1250,0.85,2750,0.85,1000,0,0,0,0,0.85,0.9,0.5,0.35,0.05,0.1,47310
315,0,0,"Urban Middle School","Central Los Angeles Middle School",0,0,0,0,4.9368,0,0,0,0,0,0,1,0,0,0,0,0,0,0,0,0,0,0,0,0,1,2,0.4,1.48104,0,0.85,0,1000,0.994,1120,0.85,3000,0.85,1000,0,0,0,0,0.85,0.9,0.45,0.4,0.05,0.1,48315
316,0,0,"Non-Urban Middle School","Non-Urban Middle School",0,0,0,0,1.97472,0,0,0,0,0,0,1,0,0,0,0,0,0,0,0,0,0,0,0,0,1,1,0.2,3.7026,0,0.85,0,1000,0.85,1250,0.85,3750,0.85,1000,0,0,0,0,0.85,0.9,0.5,0.35,0.05,0.1,49316
320,0,0,"Urban High School","Urban High School (Berkeley High School, Berkeley CA)",0,0,0,0,5.92416,0,0,0,0,0,0,1,0,0,0,0,0,0,0,0,0,0,0,0,0,1,3,0.6,5.5,1815,0.85,0,1000,0.85,1250,0.85,3750,0.85,1000,0,0,0,0,0.85,0.9,0.75,0.1,0.05,0.1,50320
322,0,0,"Non-Urban High School","Non-Urban High School",0,0,0,0,1.8513,0,0,0,0,0,0,1,0,0,0,0,0,0,0,0,0,0,0,0,0,1,1,0.25,4.62825,0,0.85,0,1000,0.85,1250,0.85,5000,0.85,1000,0,0,0,0,0.85,0.9,0.5,0.35,0.05,0.1,51322
326,0,0,"Urban City Hall","Urban City Hall (Oakland City Hall, Oakland, CA)",0.0635,0,0,0,17.77248,0,0,0,0,0,1,0,0,0,0,0,0,0,0,0,0,0,0,0,0,0.2,12,0.18,0.00666468,0,0.85,0,1000,0.85,750,0.85,375,0.85,1000,0.52,0.34,0.07,0.07,0.85,0.5,0.75,0.1,0.05,0.1,52326
327,0,0,"Urban City Hall","Urban City Hall (Long Beach City Hall and Civic Center, Long Beach, CA)",0.0635,0,0,0,37.27284,0,0,0,0,0,1,0,0,0,0,0,0,0,0,0,0,0,0,0,0,0.8,2,0.453,0.016772778,0,0.85,0,1000,0.85,750,0.85,450,0.85,1000,0.52,0.34,0.07,0.07,0.85,0.5,0.45,0.4,0.05,0.1,52327
329,0,0,"Urban Public Library","Urban Public Library - Main Branch (Oakland Public Library, Oakland, CA)",0.0635,0,0,0,39.691872,0,0,0,0,0,0,0,0,1,0,0,0,0,0,0,0,0,0,0,0,1,2,0.402,0.014884452,0,0.85,0,1000,0.85,750,0.85,375,0.85,1000,0.52,0.34,0.07,0.07,0.85,0.5,0.75,0.1,0.05,0.1,53329
332,0,0,"Urban Courthouse","Urban Courthouse (Rene C. Davidson Courthouse, Oakland, CA)",0.0635,0,0,0,96.7415328,0,0,0,0,0,0,0,0,1,0,0,0,0,0,0,0,0,0,0,0,0.4,6,0.71,0.036278075,0,0.85,0,1000,0.85,750,0.85,375,0.85,1000,0.52,0.34,0.07,0.07,0.85,0.5,0.75,0.1,0.05,0.1,54332
333,0,0,"Urban Courthouse","Urban Courthouse (Long Beach Superior Court, Long Beach, CA)",0.0635,0,0,0,22.13332,0,0,0,0,0,0,0,0,1,0,0,0,0,0,0,0,0,0,0,0,0.6,10,0.269,0.009959994,0,0.85,0,1000,0.85,750,0.85,450,0.85,1000,0.52,0.34,0.07,0.07,0.85,0.5,0.45,0.4,0.05,0.1,54333
334,0,0,"Urban Convention Center","Urban Convention Center (Oakland Convention Center, Oakland, CA)",0.0635,0,0,0,78.9888,0,0,0,0,0,0,0,0,0.9,0.041,0.007,0,0.00364,0.04836,0,0,0,0,0,0,0.75,3,1,0.037026,0,0.85,0,1000,0.85,750,0.85,450,0.85,1000,0.52,0.34,0.07,0.07,0.85,0.5,0.5,0.35,0.05,0.1,55334
335,0,0,"Urban Convention Center","Urban Convention Center (Long Beach Convention and Entertainment Center, Long Beach, CA)",0.0635,0,0,0,23.4596736,0,0,0,0,0,"-1.11022E-16",0,0,0.8,0.082,0.014,0,0.00728,0.09672,0,0,0,0,0,0,0.25,3,0.264,0.009774864,0,0.85,0,1000,0.85,750,0.85,375,0.85,1000,0.52,0.34,0.07,0.07,0.85,0.5,0.75,0.1,0.05,0.1,55335
337,0,0,"Suburban Civic Complex","Suburban Civic Complex (City Hall, Library, Rec Center, Menlo Park, CA)",0.0635,0,0,0,7.8166,0,0,0,0,0,0,0,0,1,0,0,0,0,0,0,0,0,0,0,0,0.4,3,0.095,3.51747,0,0.85,0,1000,0.85,750,0.85,450,0.85,1000,0.52,0.34,0.07,0.07,0.85,0.5,0.5,0.35,0.05,0.1,56337
338,0,0,"Suburban Civic Complex","Suburban Civic Complex (City Hall, Library, Gym and Teen Center, Walnut, CA)",0.0635,0,0,0,19.845936,0,0,0,0,0,0,0,0,1,0,0,0,0,0,0,0,0,0,0,0,0.3,3,0.201,7.442226,0,0.85,0,1000,0.85,750,0.85,375,0.85,1000,0.52,0.34,0.07,0.07,0.85,0.5,0.75,0.1,0.05,0.1,56338
339,0,0,"Suburban Civic Complex","Suburban Civic Buildings (Police Station, Community Services, Walnut, CA)",0.0635,0,0,0,11.5192,0,0,0,0,0,0,0,0,1,0,0,0,0,0,0,0,0,0,0,0,0.3,2,0.14,5.18364,0,0.85,0,1000,0.85,750,0.85,450,0.85,1000,0.52,0.34,0.07,0.07,0.85,0.5,0.45,0.4,0.05,0.1,56339
341,0,0,"Town Civic Complex","Town Civic Complex (City Hall, Police Dept., St. Helena, CA)",0.0635,0,0,0,21.72192,0,0,0,0,0,0,0,0,1,0,0,0,0,0,0,0,0,0,0,0,0.5,2,0.22,8.14572,0,0.85,0,1000,0.85,750,0.85,375,0.85,1000,0.52,0.34,0.07,0.07,0.85,0.5,0.75,0.1,0.05,0.1,57341
342,0,0,"Town Civic Complex","Town Civic Complex (City Hall, Police and Fire Dept., Bishop, CA)",0.0635,0,0,0,30.855,0,0,0,0,0,0,0,0,1,0,0,0,0,0,0,0,0,0,0,0,0.5,2,0.375,13.88475,0,0.85,0,1000,0.85,750,0.85,450,0.85,1000,0.52,0.34,0.07,0.07,0.85,0.5,0.45,0.4,0.05,0.1,57342
345,0,0,"Town/Branch Library","Town Library (St Helena Public Library, St. Helena, CA)",0.0635,0,0,0,34.54436938,0,0,0,0,0,0,0,0,1,0,0,0,0,0,0,0,0,0,0,0,0.5,1,0.342,12.95413852,0,0.85,0,1000,0.85,750,0.85,375,0.85,1000,0.52,0.34,0.07,0.07,0.85,0.5,0.75,0.1,0.05,0.1,58345
346,0,0,"Town/Branch Library","Town Library (Bishop Branch Library, Bishop, CA)",0.0635,0,0,0,52.6592,0,0,0,0,0,0,0,0,1,0,0,0,0,0,0,0,0,0,0,0,0.5,2,0.64,23.69664,0,0.85,0,1000,0.85,750,0.85,450,0.85,1000,0.52,0.34,0.07,0.07,0.85,0.5,0.45,0.4,0.05,0.1,58346
349,0,0,"Church","Church 1",0.0635,0,0,0,33.68076014,0,0,0,0,0,0.95,0,0,0,0.0205,0.0035,0,0.00182,0.02418,0,0,0,0,0,0,0.5,2,0.342,12.95413852,0,0.85,0,1000,0.85,750,0.85,375,0.85,1000,0.52,0.34,0.07,0.07,0.85,0.5,0.75,0.1,0.05,0.1,59349
350,0,0,"Church","Church 2",0.0635,0,0,0,51.606016,0,0,0,0,0,0.95,0,0,0,0.0205,0.0035,0,0.00182,0.02418,0,0,0,0,0,0,0.5,1,0.64,23.69664,0,0.85,0,1000,0.85,750,0.85,450,0.85,1000,0.52,0.34,0.07,0.07,0.85,0.5,0.45,0.4,0.05,0.1,59350
